ymd,low,high,tianqi,fengxiang,fengli,aqi,aqiLevel,aqiInfo
2011/1/1,2,6,多云~雨夹雪,北风,4-5级,,,
2011/1/2,2,6,多云,北风,4-5级,,,
2011/1/3,2,7,多云~阴,东北风,3-4级,,,
2011/1/4,1,6,小雨,北风,4-5级,,,
2011/1/5,0,5,阴~多云,北风,4-5级,,,
2011/1/6,0,6,多云,北风,3-4级,,,
2011/1/7,2,7,多云,北风,4-5级,,,
2011/1/8,4,7,多云~阴,东北风,3-4级,,,
2011/1/9,0,7,阴~多云,北风,3-4级,,,
2011/1/10,0,5,多云~阴,东北风~东风,4-5级~3-4级,,,
2011/1/11,2,6,多云,东风,3-4级,,,
2011/1/12,3,7,多云~阴,东北风,3-4级,,,
2011/1/13,0,6,阴~多云,东北风,4-5级,,,
2011/1/14,-2,5,多云,北风,4-5级,,,
2011/1/15,-1,3,多云,北风~东北风,4-5级,,,
2011/1/16,0,4,多云~阴,东北风,4-5级~3-4级,,,
2011/1/26,2,7,阴,东北风,3-4级,,,
2011/1/29,-2,4,晴~多云,北风,4-5级,,,
2011/1/30,-3,4,多云~晴,西北风,4-5级~3-4级,,,
2011/1/31,-2,7,晴,西北风,微风~3-4级,,,
2011/2/1,1,9,多云,西南风,3-4级,,,
2011/2/2,2,11,晴,西南风,微风,,,
2011/2/3,3,13,晴~多云,南风,微风~3-4级,,,
2011/2/4,4,14,晴,南风~北风,3-4级,,,
2011/2/5,5,15,晴~多云,北风~东南风,3-4级,,,
2011/2/6,5,16,多云~晴,南风~北风,3-4级,,,
2011/2/7,10,15,多云~阴,东风~东南风,3-4级,,,
2011/2/8,6,19,多云,东北风,3-4级,,,
2011/2/9,4,9,阴~小雨,北风,4-5级,,,
2011/2/10,1,5,小雨~雨夹雪,东北风,4-5级,,,
2011/2/11,-1,6,多云,北风,4-5级,,,
2011/2/12,0,5,多云~阴,北风~东北风,4-5级~3-4级,,,
2011/2/13,0,4,阴,东北风,3-4级,,,
2011/2/14,-1,4,多云,北风,4-5级~3-4级,,,
2011/2/15,3,6,晴~多云,东北风~东风,3-4级,,,
2011/2/16,5,9,小雨,东南风~东北风,3-4级,,,
2011/2/17,3,5,阴~多云,东北风,4-5级,,,
2011/2/18,2,6,多云~阴,北风~东北风,4-5级~3-4级,,,
2011/2/19,3,8,阴~多云,北风~东北风,3-4级,,,
2011/2/20,2,11,多云~晴,东北风,3-4级,,,
2011/2/21,5,12,晴,北风~东北风,3-4级,,,
2011/2/22,7,13,晴~多云,东风~东南风,3-4级,,,
2011/2/23,8,16,晴,东南风,3-4级,,,
2011/2/24,9,18,晴~多云,东南风~东风,3-4级,,,
2011/2/25,9,13,多云~阴,东北风~东南风,4-5级,,,
2011/2/26,11,15,小雨~阴,东南风,3-4级~4-5级,,,
2011/2/27,7,20,多云~阵雨,西北风~北风,3-4级~4-5级,,,
2011/2/28,4,7,小雨,北风,4-5级,,,
2011/3/1,0,6,阴~多云,北风,4-5级~3-4级,,,
2011/3/2,1,8,晴,北风,3-4级,,,
2011/3/3,1,9,阴~多云,北风,3-4级,,,
2011/3/4,4,9,晴~多云,东北风~东南风,3-4级,,,
2011/3/5,7,13,多云~小雨,东南风~南风,4-5级~3-4级,,,
2011/3/6,4,10,小雨~阴,北风,3-4级~4-5级,,,
2011/3/7,2,10,晴,北风,3-4级,,,
2011/3/8,5,15,晴~多云,西南风,3-4级,,,
2011/3/9,3,14,多云,北风,4-5级~3-4级,,,
2011/3/10,6,13,晴~多云,东南风,3-4级,,,
2011/3/11,9,17,晴~多云,南风,3-4级~4-5级,,,
2011/3/12,10,17,多云,南风~东南风,4-5级,,,
2011/3/13,8,18,多云~阵雨,东南风,4-5级~3-4级,,,
2011/3/14,4,14,小雨,北风,4-5级,,,
2011/3/15,2,9,阴~多云,北风,4-5级,,,
2011/3/16,4,12,多云~晴,西北风~东北风,3-4级,,,
2011/3/17,6,16,晴~多云,东南风~南风,3-4级~4-5级,,,
2011/3/18,9,15,阴,东南风~南风,4-5级~3-4级,,,
2011/3/19,12,16,阵雨,南风,4-5级,,,
2011/3/20,7,16,阵雨~中雨,东北风,4-5级,,,
2011/3/21,5,8,中雨~小雨,北风,4-5级,,,
2011/3/22,3,9,小雨~多云,北风,4-5级~3-4级,,,
2011/3/23,6,13,晴~多云,东风,3-4级,,,
2011/3/24,5,16,多云,南风~北风,3-4级~4-5级,,,
2011/3/25,5,13,晴~多云,东北风~东南风,3-4级,,,
2011/3/26,7,15,晴~多云,西南风~南风,3-4级,,,
2011/3/27,8,17,晴~多云,南风,3-4级,,,
2011/3/28,9,19,晴~多云,西南风~北风,3-4级~4-5级,,,
2011/3/29,6,14,多云~晴,东北风,4-5级~3-4级,,,
2011/3/30,7,16,晴~多云,南风~东南风,3-4级~4-5级,,,
2011/3/31,9,19,晴~多云,东南风,3-4级,,,
2011/4/1,10,21,多云~阴,东南风~东风,4-5级,,,
2011/4/2,7,16,阴~小雨,东北风,4-5级,,,
2011/4/3,6,9,小雨~阴,东北风,4-5级,,,
2011/4/4,7,14,晴,东北风~东南风,3-4级,,,
2011/4/5,9,16,晴~多云,东北风~东风,3-4级~4-5级,,,
2011/4/6,12,18,多云~小雨,东南风,4-5级,,,
2011/4/7,11,15,小雨~阴,北风,3-4级,,,
2011/4/8,9,19,多云,东风,3-4级,,,
2011/4/9,12,21,多云,东南风,3-4级,,,
2011/4/10,12,23,多云~阴,东南风~东北风,3-4级~4-5级,,,
2011/4/11,9,17,多云,东北风,3-4级,,,
2011/4/12,12,21,晴~多云,东南风~南风,3-4级,,,
2011/4/13,14,21,多云,南风,4-5级,,,
2011/4/14,17,27,多云~阴,南风,3-4级,,,
2011/4/15,13,27,雷阵雨,南风~东北风,3-4级~4-5级,,,
2011/4/16,11,18,阴~多云,东北风,4-5级~3-4级,,,
2011/4/17,13,21,多云~阴,南风,3-4级,,,
2011/4/18,10,20,晴,西北风,4-5级,,,
2011/4/19,10,20,晴,北风~南风,4-5级~3-4级,,,
2011/4/20,14,22,晴~多云,南风,4-5级,,,
2011/4/21,13,20,阵雨~雷阵雨,南风,4-5级,,,
2011/4/22,10,17,阴~多云,北风,4-5级~3-4级,,,
2011/4/23,12,22,晴~多云,西南风~南风,3-4级~4-5级,,,
2011/4/24,14,23,多云~晴,西北风~南风,3-4级~4-5级,,,
2011/4/25,17,27,晴,南风~西南风,4-5级,,,
2011/4/26,16,33,多云~雷阵雨,西南风~北风,4-5级,,,
2011/4/27,11,23,阴~多云,北风,4-5级~3-4级,,,
2011/4/28,14,22,晴~多云,东南风~南风,3-4级~4-5级,,,
2011/4/29,19,27,晴~阴,南风,5-6级,,,
2011/4/30,17,29,雷阵雨,南风~北风,4-5级~3-4级,,,
2011/5/1,14,27,多云,东北风~东风,3-4级,,,
2011/5/2,13,23,多云~雷阵雨,东南风,3-4级~4-5级,,,
2011/5/3,13,18,阵雨~阴,东北风~东南风,3-4级,,,
2011/5/4,14,21,阴~多云,东南风,3-4级,,,
2011/5/5,17,25,多云,东南风,4-5级,,,
2011/5/6,19,28,多云,南风,3-4级,,,
2011/5/7,19,33,多云,南风,3-4级,,,
2011/5/8,22,33,多云,东南风~南风,4-5级,,,
2011/5/9,24,33,多云,南风,4-5级,,,
2011/5/10,19,34,雷阵雨,南风,3-4级,,,
2011/5/11,17,23,阵雨~阴,北风,3-4级,,,
2011/5/12,16,25,阴~多云,西北风,3-4级,,,
2011/5/13,18,28,晴,西风,3-4级,,,
2011/5/14,19,28,多云,西风~南风,3-4级,,,
2011/5/15,19,29,多云~阴,南风,3-4级,,,
2011/5/16,18,29,多云,南风,3-4级,,,
2011/5/17,20,31,晴~多云,南风,3-4级~4-5级,,,
2011/5/18,21,32,多云~晴,南风,5-6级~4-5级,,,
2011/5/19,22,33,晴,南风,4-5级,,,
2011/5/20,22,34,晴~多云,东南风,3-4级,,,
2011/5/21,18,26,阴~阵雨,西北风~东北风,3-4级,,,
2011/5/22,16,20,阵雨~中雨,东北风,4-5级,,,
2011/5/23,16,18,小雨~阴,东北风,4-5级,,,
2011/5/24,16,24,多云,东风,3-4级,,,
2011/5/25,18,24,多云~阴,北风,3-4级,,,
2011/5/26,18,25,多云,西北风~北风,3-4级,,,
2011/5/27,18,26,多云,北风~东北风,3-4级,,,
2011/5/28,18,21,阴~多云,东北风,3-4级~4-5级,,,
2011/5/29,18,27,晴,北风~西北风,4-5级~3-4级,,,
2011/5/30,20,31,多云,南风,4-5级,,,
2011/5/31,21,31,阴~阵雨,南风,3-4级,,,
2011/6/1,20,29,多云,南风,3-4级,,,
2011/6/2,21,32,多云,东南风,3-4级,,,
2011/6/3,21,31,多云~阴,南风~东南风,3-4级,,,
2011/6/4,20,24,中到大雨,东南风~南风,3-4级,,,
2011/6/5,20,24,小雨,东北风~东风,4-5级~3-4级,,,
2011/6/6,19,21,中雨,东风,3-4级,,,
2011/6/7,20,26,小雨~多云,东风~东南风,3-4级,,,
2011/6/8,23,31,多云,南风,3-4级~4-5级,,,
2011/6/9,23,36,多云~雷阵雨,南风,3-4级,,,
2011/6/10,22,27,大雨,西南风,3-4级,,,
2011/6/11,21,24,中雨~大雨,东北风,3-4级,,,
2011/6/12,21,27,阴~多云,东北风~东南风,3-4级,,,
2011/6/13,21,28,阵雨,东风,3-4级,,,
2011/6/14,20,24,阵雨~大雨,东风~东南风,3-4级~4-5级,,,
2011/6/15,19,21,大到暴雨~小到中雨,东风~东北风,4-5级,,,
2011/6/16,20,25,阴~阵雨,北风~东风,3-4级,,,
2011/6/17,21,24,中雨,东南风~东风,3-4级,,,
2011/6/18,21,25,大到暴雨,东北风,3-4级,,,
2011/6/19,20,23,小到中雨~阴,东风~东北风,4-5级~3-4级,,,
2011/6/20,22,28,多云~阵雨,东风~东南风,3-4级,,,
2011/6/21,23,26,雷阵雨~阵雨,东南风~南风,4-5级,,,
2011/6/22,25,32,雷阵雨,东南风,4-5级,,,
2011/6/23,24,33,多云~阴,南风~西南风,4-5级,,,
2011/6/24,25,34,雷阵雨,南风,3-4级,,,
2011/6/25,23,30,大到暴雨,北风~西北风,5-6级~6-7级,,,
2011/6/26,23,29,阴~多云,西风~西南风,6-7级~4-5级,,,
2011/6/27,24,32,多云~阴,西南风~南风,4-5级~3-4级,,,
2011/6/28,25,33,多云,东南风,4-5级,,,
2011/6/29,26,32,雷阵雨~阵雨,南风,4-5级,,,
2011/6/30,26,32,雷阵雨~多云,南风,4-5级~3-4级,,,
2011/7/1,26,33,阵雨~多云,南风,3-4级,,,
2011/7/2,28,36,雷阵雨~多云,西南风,3-4级,,,
2011/7/3,29,37,多云,西南风,3-4级,,,
2011/7/4,27,36,雷阵雨,西风~东风,3-4级,,,
2011/7/5,27,31,雷阵雨~阵雨,东南风~南风,3-4级,,,
2011/7/6,29,36,多云,西南风,3-4级,,,
2011/7/7,27,37,多云,西南风,3-4级,,,
2011/7/8,26,33,雷阵雨,南风,3-4级,,,
2011/7/9,26,31,阵雨~多云,东风~东南风,3-4级,,,
2011/7/10,26,32,阵雨~多云,东南风,4-5级,,,
2011/7/11,26,32,阴,东南风,4-5级,,,
2011/7/12,26,31,阵雨,东南风,4-5级,,,
2011/7/13,27,32,阵雨,东南风,4-5级,,,
2011/7/14,27,32,阵雨~多云,南风,4-5级,,,
2011/7/15,27,32,雷阵雨,北风~东南风,3-4级~4-5级,,,
2011/7/16,27,34,多云,南风~东南风,4-5级,,,
2011/7/17,27,33,阵雨~多云,东南风,4-5级,,,
2011/7/18,26,33,多云,东风~东北风,3-4级,,,
2011/7/19,26,33,多云~阵雨,北风,3-4级,,,
2011/7/20,27,34,雷阵雨~多云,西北风~东南风,3-4级,,,
2011/7/21,28,34,多云,东南风,3-4级,,,
2011/7/22,27,35,雷阵雨~多云,东南风,3-4级,,,
2011/7/23,28,36,多云,东风~东南风,3-4级,,,
2011/7/24,28,35,雷阵雨~多云,东南风,3-4级,,,
2011/7/25,28,36,多云,南风,3-4级,,,
2011/7/26,28,37,雷阵雨~多云,南风,4-5级,,,
2011/7/27,28,37,多云,南风,4-5级,,,
2011/7/28,28,36,晴,南风,4-5级,,,
2011/7/29,28,37,晴,南风,3-4级,,,
2011/7/30,28,37,多云,南风,3-4级,,,
2011/7/31,28,36,雷阵雨,南风~东南风,3-4级,,,
2011/8/1,28,33,雷阵雨,东北风~东风,3-4级,,,
2011/8/2,28,34,多云,东南风,3-4级,,,
2011/8/3,27,35,雷阵雨,东南风,4-5级,,,
2011/8/4,26,33,雷阵雨~多云,东风~东北风,3-4级,,,
2011/8/5,25,32,多云,东北风,4-5级,,,
2011/8/6,25,32,阵雨~暴雨,东北风,5-6级~8-9级,,,
2011/8/7,26,28,中雨~阵雨,北风~西南风,8-9级~7-8级,,,
2011/8/8,27,34,阵雨~多云,西南风,3-4级,,,
2011/8/9,27,34,雷阵雨~多云,南风,3-4级,,,
2011/8/10,28,36,多云,南风,3-4级,,,
2011/8/11,26,34,雷阵雨~阵雨,西南风,3-4级,,,
2011/8/12,26,32,雷阵雨~阵雨,西南风,3-4级,,,
2011/8/13,27,35,雷阵雨~多云,西南风,4-5级,,,
2011/8/14,27,32,雷阵雨~多云,西南风,4-5级,,,
2011/8/15,27,34,雷阵雨~多云,西南风,4-5级,,,
2011/8/16,28,35,雷阵雨~多云,西南风,3-4级,,,
2011/8/17,25,30,大雨~雷阵雨,西风~东北风,3-4级,,,
2011/8/18,27,33,雷阵雨~多云,北风~南风,3-4级,,,
2011/8/19,27,34,雷阵雨~多云,东南风,3-4级,,,
2011/8/20,27,36,雷阵雨~多云,东南风,3-4级,,,
2011/8/21,26,31,雷阵雨,东北风,3-4级,,,
2011/8/22,24,29,中到大雨,南风~北风,3-4级,,,
2011/8/23,24,28,阵雨,东北风,3-4级,,,
2011/8/24,22,26,阵雨,北风~东北风,3-4级,,,
2011/8/25,23,26,中雨~阵雨,东北风,3-4级,,,
2011/8/26,24,28,中到大雨,东北风,3-4级,,,
2011/8/27,25,30,雷阵雨~多云,东风,3-4级,,,
2011/8/28,26,31,阴~多云,东南风~东风,3-4级,,,
2011/8/29,25,31,多云,东南风~东风,3-4级,,,
2011/8/30,25,31,阵雨~多云,东风,4-5级,,,
2011/8/31,25,32,多云,东风~东北风,4-5级,,,
2011/9/1,24,32,晴,东北风,3-4级,,,
2011/9/2,23,32,晴~多云,北风,4-5级,,,
2011/9/3,23,31,晴,北风,3-4级,,,
2011/9/4,22,30,晴~多云,北风,3-4级,,,
2011/9/5,22,30,多云,北风,4-5级~3-4级,,,
2011/9/6,23,28,多云,东北风~东风,3-4级,,,
2011/9/7,25,29,多云~阴,东风~东南风,3-4级,,,
2011/9/8,25,33,多云,西南风~南风,3-4级,,,
2011/9/9,24,27,阵雨,东北风~东风,3-4级,,,
2011/9/10,23,25,阵雨,东北风,3-4级,,,
2011/9/11,23,29,多云,东北风,3-4级,,,
2011/9/12,24,31,多云,东风,3-4级,,,
2011/9/13,25,31,多云,东风~东南风,3-4级,,,
2011/9/14,25,33,多云,东南风,3-4级,,,
2011/9/15,25,33,多云~晴,东南风~东风,3-4级,,,
2011/9/16,24,33,多云~阴,东北风,3-4级,,,
2011/9/17,22,30,多云~阵雨,北风,4-5级,,,
2011/9/18,20,27,多云~阴,北风,4-5级,,,
2011/9/19,19,25,多云~阴,北风,4-5级,,,
2011/9/20,17,21,阵雨~阴,西北风,4-5级,,,
2011/9/21,16,23,晴,西北风,4-5级,,,
2011/9/22,16,24,多云~晴,西北风~北风,3-4级,,,
2011/9/23,18,26,晴,东北风,3-4级,,,
2011/9/24,20,27,晴~多云,东北风,3-4级,,,
2011/9/25,22,27,多云~阴,东北风~东风,3-4级,,,
2011/9/26,23,27,阵雨,东北风,3-4级,,,
2011/9/27,23,28,阴~阵雨,东北风,3-4级,,,
2011/9/28,24,28,阴,东风,3-4级,,,
2011/9/29,18,30,中雨,东南风~北风,3-4级~4-5级,,,
2011/9/30,18,22,小雨~阴,北风,4-5级,,,
2011/10/1,18,22,阴~小雨,东北风,4-5级,,,
2011/10/2,17,21,小雨~阴,东北风,4-5级,,,
2011/10/3,17,21,阴,东北风,4-5级,,,
2011/10/4,18,23,多云~阴,东北风,3-4级,,,
2011/10/5,18,23,多云,东北风,3-4级,,,
2011/10/6,17,24,多云,北风~东北风,3-4级,,,
2011/10/7,17,25,晴,东北风~东风,3-4级,,,
2011/10/8,18,26,晴,东风,3-4级,,,
2011/10/9,20,27,多云,东南风~东风,3-4级,,,
2011/10/10,21,25,小雨~阴,东北风,4-5级,,,
2011/10/11,19,25,多云,东北风,3-4级~4-5级,,,
2011/10/12,20,25,多云~小雨,东风~东南风,3-4级,,,
2011/10/13,18,23,小到中雨,东风~西北风,3-4级,,,
2011/10/14,16,22,阴~多云,西北风,4-5级~3-4级,,,
2011/10/15,15,23,多云,西北风,4-5级,,,
2011/10/16,15,24,晴,西北风~北风,3-4级,,,
2011/10/17,16,25,晴~多云,北风~东北风,3-4级,,,
2011/10/18,15,23,晴,东北风~东风,3-4级,,,
2011/10/19,18,22,多云,东北风~东风,3-4级,,,
2011/10/20,18,23,阴~小雨,东北风,3-4级,,,
2011/10/21,18,21,小雨~阴,东北风,3-4级,,,
2011/10/22,17,23,晴~多云,北风~东北风,3-4级,,,
2011/10/23,17,24,多云~阵雨,东风,3-4级~4-5级,,,
2011/10/24,15,20,中雨~小雨,北风,4-5级,,,
2011/10/25,14,19,多云,北风,4-5级~3-4级,,,
2011/10/26,16,19,多云,东北风,3-4级,,,
2011/10/27,17,21,多云,东风,3-4级,,,
2011/10/28,17,21,阴~小雨,东风,3-4级,,,
2011/10/29,16,19,小雨,北风,3-4级,,,
2011/10/30,16,21,多云,北风~东北风,3-4级,,,
2011/10/31,17,22,多云,东北风,3-4级,,,
2011/11/1,20,23,多云~阴,东风,3-4级,,,
2011/11/2,20,21,阵雨,东北风,3-4级~4-5级,,,
2011/11/3,20,24,多云~阵雨,东北风~东风,3-4级,,,
2011/11/4,20,25,阵雨,东风~东南风,3-4级,,,
2011/11/5,19,24,阵雨,东北风,3-4级,,,
2011/11/6,16,20,小雨~阴,东北风,3-4级,,,
2011/11/7,16,20,小雨,东北风,3-4级,,,
2011/11/8,15,19,小雨~阵雨,东北风,3-4级~4-5级,,,
2011/11/9,14,18,小雨,北风,3-4级,,,
2011/11/10,10,16,小雨~多云,北风,4-5级,,,
2011/11/11,10,18,多云,北风,3-4级,,,
2011/11/12,11,20,多云,无持续风向~北风,微风~3-4级,,,
2011/11/13,14,20,晴,无持续风向,微风,,,
2011/11/14,13,19,多云,北风~东北风,3-4级,,,
2011/11/15,15,20,多云,东风,3-4级,,,
2011/11/16,18,21,多云~小雨,东风~东南风,4-5级,,,
2011/11/17,20,23,阵雨,东南风,4-5级,,,
2011/11/18,18,25,阵雨~中雨,南风,3-4级,,,
2011/11/19,10,17,小雨~阴,北风,4-5级,,,
2011/11/20,9,15,多云~晴,北风~东北风,4-5级~3-4级,,,
2011/11/21,11,16,晴~多云,东北风~东风,3-4级,,,
2011/11/22,10,18,多云,南风~西北风,3-4级~4-5级,,,
2011/11/23,8,15,晴,西北风,4-5级~3-4级,,,
2011/11/24,10,14,晴,东北风~东南风,3-4级,,,
2011/11/25,13,18,多云,东南风,3-4级,,,
2011/11/26,16,20,多云,东南风,4-5级,,,
2011/11/27,15,21,晴~多云,南风~东南风,3-4级,,,
2011/11/28,16,22,多云~阴,东风,3-4级,,,
2011/11/29,15,21,阴~阵雨,东北风,3-4级,,,
2011/11/30,9,18,小雨,东北风,4-5级,,,
2011/12/1,5,11,阴,北风,5-6级~4-5级,,,
2011/12/2,4,9,多云~晴,北风,4-5级,,,
2011/12/3,5,10,晴~多云,西北风~北风,3-4级,,,
2011/12/4,9,13,晴~多云,东北风,微风,,,
2011/12/5,13,15,多云~小雨,东北风~东风,3-4级,,,
2011/12/6,13,16,小雨,东风,3-4级,,,
2011/12/7,10,14,小到中雨~小雨,东风~北风,3-4级~4-5级,,,
2011/12/8,3,10,小雨~阴,北风,5-6级,,,
2011/12/9,0,7,多云,北风,4-5级,,,
2011/12/10,-1,5,晴,北风,4-5级~3-4级,,,
2011/12/11,2,8,晴~多云,西北风~北风,3-4级,,,
2011/12/12,6,10,晴~多云,东北风,3-4级,,,
2011/12/13,6,11,多云,北风~东北风,3-4级,,,
2011/12/14,5,13,晴~多云,西北风~北风,3-4级~4-5级,,,
2011/12/15,3,8,阴~多云,北风,4-5级,,,
2011/12/16,0,6,晴,北风,4-5级,,,
2011/12/17,2,7,多云,东北风,3-4级,,,
2011/12/18,4,8,多云,东北风,3-4级,,,
2011/12/19,6,11,晴~多云,东北风,3-4级,,,
2011/12/20,6,11,小雨,东风,3-4级,,,
2011/12/21,6,11,阴,北风,4-5级,,,
2011/12/22,1,7,晴~多云,东北风~西北风,4-5级,,,
2011/12/23,0,7,晴,北风,3-4级,,,
2011/12/24,1,7,晴,西北风,4-5级,,,
2011/12/25,2,8,晴,西北风~北风,3-4级,,,
2011/12/26,4,9,晴~多云,东北风,3-4级,,,
2011/12/27,8,11,阴,东风,3-4级,,,
2011/12/28,8,12,阴~多云,东风~东北风,3-4级,,,
2011/12/29,6,12,多云,东北风,4-5级~3-4级,,,
2011/12/30,5,10,多云,东北风,3-4级,,,
2011/12/31,4,9,多云,东风~东北风,3-4级,,,
2012/1/1,4,9,多云,北风~东北风,4-5级~3-4级,,,
2012/1/2,3,8,多云~阴,西北风,微风~3-4级,,,
2012/1/3,0,6,阴~多云,西北风,4-5级,,,
2012/1/4,-1,4,晴,西北风,4-5级~3-4级,,,
2012/1/5,1,5,多云~阴,北风,3-4级,,,
2012/1/6,4,7,阴~多云,东北风,3-4级,,,
2012/1/7,5,8,多云~阴,东北风,3-4级,,,
2012/1/8,5,8,小雨,东北风,3-4级,,,
2012/1/9,5,9,阴,东北风,3-4级,,,
2012/1/10,5,9,阴,东北风,3-4级,,,
2012/1/11,2,8,阴,北风,4-5级,,,
2012/1/12,4,8,多云,东风,3-4级,,,
2012/1/13,5,9,阴~小雨,东风,3-4级,,,
2012/1/14,4,6,中雨,东北风,3-4级,,,
2012/1/16,4,9,阴~多云,东北风~东风,3-4级,,,
2012/1/17,5,10,多云~阴,东北风~东风,3-4级,,,
2012/1/18,7,10,小雨,东风,3-4级,,,
2012/1/19,6,9,小雨~阴,东北风,4-5级,,,
2012/1/20,5,9,阴~小雨,北风,4-5级,,,
2012/1/21,1,6,小雨~雨夹雪,北风,4-5级,,,
2012/1/22,-1,4,小雪~阴,北风,4-5级,,,
2012/1/23,-2,4,多云,北风,4-5级~3-4级,,,
2012/1/24,-2,4,多云,北风,3-4级,,,
2012/1/25,-1,4,晴,西北风~北风,3-4级,,,
2012/1/26,-1,7,晴~多云,东南风~南风,3-4级,,,
2012/1/27,5,9,小雨,东北风,3-4级,,,
2012/1/28,4,8,小雨~阴,东北风,4-5级,,,
2012/1/29,3,9,多云~小雨,东北风,4-5级,,,
2012/1/30,2,8,多云,东北风,3-4级,,,
2012/1/31,2,10,多云~晴,南风~北风,3-4级~4-5级,,,
2012/2/1,0,8,阴~多云,北风,4-5级~3-4级,,,
2012/2/2,-1,3,多云,北风,4-5级~3-4级,,,
2012/2/3,-1,5,晴~多云,北风~南风,3-4级,,,
2012/2/4,2,8,多云~小雨,东南风,3-4级,,,
2012/2/5,7,10,阴~小到中雨,西风~东风,3-4级,,,
2012/2/6,1,9,中雨~雨夹雪,北风,4-5级~5-6级,,,
2012/2/7,-2,3,多云,北风,5-6级~4-5级,,,
2012/2/8,-1,3,多云,北风,4-5级~3-4级,,,
2012/2/9,0,5,多云~阴,北风~东北风,3-4级,,,
2012/2/10,2,4,小雨~阴,东北风,3-4级,,,
2012/2/11,3,7,阴~小雨,东北风~东风,3-4级,,,
2012/2/12,6,8,小雨~小到中雨,东风~东南风,4-5级~3-4级,,,
2012/2/13,7,10,小雨,西北风~北风,3-4级,,,
2012/2/14,4,8,小雨~中雨,东北风,3-4级,,,
2012/2/15,3,7,小雨,东北风,4-5级,,,
2012/2/16,1,7,阴,北风,3-4级~4-5级,,,
2012/2/17,4,8,小雨~中雨,东北风,3-4级,,,
2012/2/18,0,6,晴,北风,3-4级,,,
2012/2/19,2,8,晴,东北风~东风,微风,,,
2012/2/20,4,8,小雨~中雨,东北风,3-4级,,,
2012/2/21,8,11,小雨,东南风~东风,3-4级,,,
2012/2/22,8,12,中雨~小到中雨,东南风~东北风,3-4级~4-5级,,,
2012/2/23,5,10,阴~小雨,北风,4-5级,,,
2012/2/24,4,7,小雨~阴,北风,3-4级,,,
2012/2/25,2,6,雨夹雪~阴,东北风,4-5级,,,
2012/2/26,2,5,小雪~阴,北风,4-5级,,,
2012/2/27,4,7,多云~小雨,北风~东北风,3-4级,,,
2012/2/28,3,7,小雨~阴,东北风~东南风,3-4级~4-5级,,,
2012/2/29,7,10,小雨,东风~东南风,3-4级,,,
2012/3/1,6,10,小雨~小到中雨,东南风~东北风,3-4级~4-5级,,,
2012/3/2,5,9,小雨,北风~东北风,4-5级,,,
2012/3/3,6,8,小到中雨~中雨,东北风~东风,3-4级,,,
2012/3/4,7,9,中雨~中到大雨,东风~北风,3-4级,,,
2012/3/5,5,8,小雨~阴,西北风,3-4级,,,
2012/3/6,6,11,多云~小雨,西北风~东北风,3-4级,,,
2012/3/7,5,7,小雨,东北风,3-4级~4-5级,,,
2012/3/8,4,8,小雨~阴,东北风,4-5级,,,
2012/3/9,3,9,阴~多云,北风,4-5级,,,
2012/3/10,3,11,晴~多云,北风,3-4级,,,
2012/3/11,2,11,多云~晴,北风,4-5级~3-4级,,,
2012/3/12,3,9,晴~多云,东北风~东南风,3-4级,,,
2012/3/13,5,11,晴,东南风,3-4级,,,
2012/3/14,8,14,晴~多云,东南风,3-4级,,,
2012/3/15,10,13,中雨,东风~东南风,4-5级,,,
2012/3/16,11,17,阴~小雨,西北风,4-5级~3-4级,,,
2012/3/17,10,15,小雨,东风,3-4级,,,
2012/3/18,6,13,小雨,东北风,4-5级,,,
2012/3/19,5,9,小雨,东北风,3-4级,,,
2012/3/20,5,9,小雨~多云,东北风~东风,3-4级,,,
2012/3/21,8,14,晴~多云,东风~东南风,3-4级~4-5级,,,
2012/3/22,8,18,小到中雨~中雨,东南风~北风,3-4级~4-5级,,,
2012/3/23,6,10,小雨~多云,西北风,4-5级,,,
2012/3/24,6,15,晴,西北风,3-4级,,,
2012/3/25,7,18,晴~多云,西风~东北风,3-4级,,,
2012/3/26,9,18,晴~多云,东南风~南风,3-4级,,,
2012/3/27,11,23,晴~多云,西南风~南风,4-5级~3-4级,,,
2012/3/28,13,23,晴~多云,东风~东南风,3-4级,,,
2012/3/29,15,23,多云~阵雨,南风,4-5级,,,
2012/3/30,8,18,中雨~小雨,北风,4-5级,,,
2012/3/31,8,18,晴,西北风,3-4级,,,
2012/4/1,12,20,晴,南风,4-5级,,,
2012/4/2,9,25,多云~雷阵雨,东南风~西北风,5-6级,,,
2012/4/3,8,16,多云~晴,西北风,5-6级~3-4级,,,
2012/4/4,12,21,晴~多云,南风~西风,3-4级,,,
2012/4/5,11,24,晴~多云,西北风~东北风,3-4级~4-5级,,,
2012/4/6,12,22,晴~多云,南风,3-4级,,,
2012/4/7,13,22,晴~多云,南风,3-4级,,,
2012/4/8,15,23,多云~阴,东南风~南风,4-5级,,,
2012/4/9,17,22,阵雨,南风,4-5级,,,
2012/4/10,16,25,阵雨~小到中雨,南风~西南风,3-4级,,,
2012/4/11,,11,多云~,东北风~,3-4级~,,,
2012/4/12,12,19,小雨~小到中雨,东南风~东风,3-4级,,,
2012/4/13,11,17,小雨~多云,东北风~东南风,3-4级,,,
2012/4/14,14,21,多云~小雨,东南风,3-4级,,,
2012/4/15,13,21,多云~阴,东南风,3-4级,,,
2012/4/16,12,24,晴~多云,东北风,3-4级,,,
2012/4/17,13,21,多云~阴,东北风~东南风,3-4级,,,
2012/4/18,19,19,阴,东南风,4-5级,,,
2012/4/19,21,21,阴,西北风,3-4级,,,
2012/4/20,21,21,小雨,东北风~东南风,3-4级,,,
2012/4/21,20,20,阴,西北风,3-4级,,,
2012/4/22,27,27,晴,西南风~南风,3-4级,,,
2012/4/23,19,27,晴~多云,南风~,4-5级~,,,
2012/4/24,17,25,阵雨~中雨,东南风,4-5级,,,
2012/4/25,13,20,阴~多云,西北风,4-5级~3-4级,,,
2012/4/26,15,25,晴,南风,3-4级~4-5级,,,
2012/4/27,17,27,晴,南风,3-4级~4-5级,,,
2012/4/28,19,27,多云~阵雨,东南风,4-5级,,,
2012/4/29,20,24,雷阵雨~阴,东南风,4-5级,,,
2012/4/30,17,21,阴~雷阵雨,东风,3-4级,,,
2012/5/1,17,20,阵雨~阴,东北风~北风,3-4级~4-5级,,,
2012/5/2,16,22,阴~多云,西北风,4-5级~3-4级,,,
2012/5/3,18,27,多云~阴,北风~东风,微风,,,
2012/5/4,18,28,多云~晴,东北风~东南风,微风,,,
2012/5/5,20,31,晴,西南风~南风,微风,,,
2012/5/6,21,32,晴,西南风,3-4级~4-5级,,,
2012/5/7,20,33,晴~雷阵雨,南风,3-4级~4-5级,,,
2012/5/8,18,22,阵雨~阴,东南风~西北风,4-5级~3-4级,,,
2012/5/9,17,24,多云,东北风,3-4级,,,
2012/5/10,18,27,多云~晴,东风~东南风,3-4级,,,
2012/5/11,19,27,多云,东南风,3-4级,,,
2012/5/12,18,25,多云~中雨,东南风,4-5级,,,
2012/5/13,18,23,阵雨~小雨,东南风~北风,4-5级,,,
2012/5/14,19,24,小雨,北风,3-4级,,,
2012/5/15,19,27,阴~多云,西北风~西南风,3-4级,,,
2012/5/16,20,30,晴~多云,西南风,3-4级,,,
2012/5/17,19,31,晴~多云,北风~东风,3-4级,,,
2012/5/18,18,30,多云~小雨,东南风,3-4级~4-5级,,,
2012/5/19,16,21,小到中雨~小雨,东南风~东风,4-5级,,,
2012/5/20,17,21,小雨~阴,东北风,4-5级~3-4级,,,
2012/5/21,18,26,晴~多云,东北风,3-4级,,,
2012/5/22,19,24,多云,东风,3-4级,,,
2012/5/23,19,24,阵雨,东南风,3-4级,,,
2012/5/24,18,22,阵雨,东北风,3-4级,,,
2012/5/25,18,23,阴,东北风~东风,4-5级~3-4级,,,
2012/5/26,18,25,阴~晴,东北风~东风,3-4级,,,
2012/5/27,19,29,晴,东风,3-4级,,,
2012/5/28,20,29,晴,东南风,3-4级,,,
2012/5/29,19,29,多云~中雨,东南风,4-5级,,,
2012/5/30,19,20,小雨,东南风~东北风,4-5级,,,
2012/5/31,19,25,多云,东北风~东风,4-5级,,,
2012/6/1,20,24,阴~小雨,东北风~东风,3-4级,,,
2012/6/2,19,26,阴~多云,东风,3-4级,,,
2012/6/3,20,26,多云,东南风,3-4级,,,
2012/6/4,21,25,阵雨~阴,东风,3-4级~4-5级,,,
2012/6/5,21,26,多云~阴,东风~东南风,3-4级,,,
2012/6/6,22,27,阴~阵雨,东南风,3-4级,,,
2012/6/7,24,29,阵雨~阴,南风,3-4级,,,
2012/6/8,24,34,多云,西风,微风,,,
2012/6/9,24,33,多云,西南风~南风,微风,,,
2012/6/10,24,33,多云~小雨,南风,3-4级,,,
2012/6/11,23,28,小雨~阴,东风,3-4级,,,
2012/6/12,23,30,阴~多云,东北风~东风,微风,,,
2012/6/13,23,33,晴,东风~东南风,3-4级,,,
2012/6/14,23,30,多云,东南风,3-4级,,,
2012/6/15,23,27,阵雨~阴,东风,3-4级,,,
2012/6/16,22,29,多云,东北风~东风,3-4级,,,
2012/6/17,21,26,阵雨~暴雨,东南风,3-4级,,,
2012/6/18,22,25,中雨~小雨,东南风~北风,4-5级,,,
2012/6/19,22,25,小雨~阴,北风~东北风,3-4级,,,
2012/6/20,22,27,阴~小雨,东风,3-4级,,,
2012/6/21,22,28,多云,东北风~东风,3-4级,,,
2012/6/22,22,27,阵雨~大雨,东南风,3-4级,,,
2012/6/23,21,24,小到中雨~阵雨,东南风~东风,4-5级~3-4级,,,
2012/6/24,23,27,阴,南风,3-4级,,,
2012/6/25,22,30,阴~阵雨,东风,3-4级,,,
2012/6/26,23,25,中雨,东风,3-4级,,,
2012/6/27,23,25,中雨~阵雨,东北风,3-4级,,,
2012/6/28,24,28,阴,东风~东南风,3-4级,,,
2012/6/29,25,34,多云,东南风~南风,3-4级~4-5级,,,
2012/6/30,26,34,雷阵雨,南风,3-4级,,,
2012/7/1,27,35,雷阵雨~多云,西南风,3-4级,,,
2012/7/2,28,36,多云,西南风,3-4级,,,
2012/7/3,28,36,多云,西南风,3-4级,,,
2012/7/4,28,37,多云,南风~西南风,3-4级,,,
2012/7/5,29,38,多云,南风~西南风,4-5级,,,
2012/7/6,27,37,多云~雷阵雨,西南风,3-4级,,,
2012/7/7,26,32,雷阵雨~多云,西风~西南风,3-4级,,,
2012/7/8,27,32,雷阵雨~多云,东南风~东风,3-4级,,,
2012/7/9,28,34,雷阵雨~多云,东南风,3-4级,,,
2012/7/10,28,37,多云~雷阵雨,南风~西南风,3-4级,,,
2012/7/11,27,34,雷阵雨~多云,西南风,3-4级,,,
2012/7/12,27,35,雷阵雨,西南风,3-4级,,,
2012/7/13,25,32,雷雨,西南风,3-4级,,,
2012/7/14,23,32,大雨~雷雨,南风~西南风,3-4级,,,
2012/7/15,24,30,多云~阴,北风~东北风,3-4级,,,
2012/7/16,25,30,雷雨~多云,东南风,3-4级,,,
2012/7/17,25,28,阵雨~大雨,东北风~东南风,3-4级,,,
2012/7/18,26,30,阵雨~多云,北风~西南风,3-4级,,,
2012/7/19,27,33,多云,南风~东南风,3-4级,,,
2012/7/20,27,34,雷雨~多云,东南风,3-4级,,,
2012/7/21,27,35,多云~晴,东南风,3-4级,,,
2012/7/22,28,34,多云,东南风,4-5级,,,
2012/7/23,27,35,晴~多云,东南风,4-5级,,,
2012/7/24,27,34,晴,东南风,4-5级,,,
2012/7/25,27,35,多云~晴,东南风,4-5级,,,
2012/7/26,27,34,晴~多云,东南风,3-4级,,,
2012/7/27,28,35,晴,东南风,3-4级,,,
2012/7/28,28,35,晴~多云,东南风,3-4级,,,
2012/7/29,28,35,晴~多云,南风~东南风,3-4级,,,
2012/7/30,28,36,晴~多云,南风~东南风,3-4级,,,
2012/7/31,27,35,晴~多云,东南风,3-4级~4-5级,,,
2012/8/1,27,34,多云~阵雨,东风~东北风,3-4级~4-5级,,,
2012/8/2,27,31,中到大雨~大雨,东北风~东南风,4-5级,,,
2012/8/3,27,32,阵雨,东南风,5-6级,,,
2012/8/4,27,33,多云,东南风~东风,4-5级,,,
2012/8/5,27,34,多云,东北风,4-5级,,,
2012/8/6,26,32,多云~阵雨,东北风,4-5级,,,
2012/8/7,25,31,阵雨~大雨,东北风,4-5级~5-6级,,,
2012/8/8,25,27,暴雨~大雨,东北风,7-8级,,,
2012/8/9,27,32,多云~阵雨,东南风,4-5级,,,
2012/8/10,27,33,多云,东南风,4-5级,,,
2012/8/11,28,33,多云,东南风,4-5级,,,
2012/8/12,28,34,多云,南风,3-4级,,,
2012/8/13,28,35,雷雨~多云,南风,3-4级,,,
2012/8/14,28,35,多云,南风,3-4级,,,
2012/8/15,28,36,多云,南风~东南风,3-4级,,,
2012/8/16,28,35,多云,东南风,3-4级,,,
2012/8/17,28,35,多云,东南风,3-4级,,,
2012/8/18,28,35,晴~多云,东南风,3-4级,,,
2012/8/19,28,35,多云,南风,3-4级,,,
2012/8/20,26,35,多云,东南风,3-4级,,,
2012/8/21,24,34,多云~阵雨,东南风,3-4级,,,
2012/8/22,25,29,阵雨,北风~东北风,4-5级,,,
2012/8/23,24,27,阵雨,北风~东南风,3-4级,,,
2012/8/24,26,31,阵雨,北风~东北风,4-5级,,,
2012/8/25,26,30,中雨~多云,东北风,3-4级,,,
2012/8/26,25,34,多云~阵雨,东北风,4-5级~5-6级,,,
2012/8/27,26,31,大雨~小雨,东北风~北风,6-7级,,,
2012/8/28,24,31,多云~阵雨,西风,5-6级~4-5级,,,
2012/8/29,26,32,多云~阵雨,东北风~西北风,4-5级,,,
2012/8/30,26,32,多云,西北风~东风,3-4级,,,
2012/8/31,25,32,多云~晴,东风,3-4级,,,
2012/9/1,25,32,晴~多云,东风~东南风,3-4级,,,
2012/9/2,25,32,晴~多云,东南风,3-4级,,,
2012/9/3,23,30,雷雨,南风~东南风,3-4级,,,
2012/9/4,22,25,阵雨,北风,3-4级,,,
2012/9/5,23,26,阵雨~阴,北风~东北风,3-4级,,,
2012/9/6,24,29,阴~阵雨,东北风~东南风,3-4级,,,
2012/9/7,24,30,雷雨~多云,东南风,3-4级,,,
2012/9/8,23,30,多云~雷雨,东风~南风,3-4级~4-5级,,,
2012/9/9,23,28,阵雨~雷雨,南风~北风,3-4级~4-5级,,,
2012/9/10,23,28,阴~多云,东北风,3-4级,,,
2012/9/11,23,29,多云,东风~东南风,3-4级,,,
2012/9/12,21,32,雷雨~阵雨,南风,3-4级,,,
2012/9/13,20,24,阵雨,西北风,4-5级,,,
2012/9/14,21,24,阴~多云,北风,4-5级,,,
2012/9/15,21,26,多云,东北风,4-5级,,,
2012/9/16,20,28,多云,北风,4-5级,,,
2012/9/17,18,26,晴,西北风,4-5级,,,
2012/9/18,18,27,晴,西风,3-4级,,,
2012/9/19,21,29,晴,西风~南风,3-4级,,,
2012/9/20,21,28,晴~多云,东南风,3-4级,,,
2012/9/21,21,27,阴~阵雨,东南风,3-4级,,,
2012/9/22,19,22,阵雨~阴,东南风,3-4级,,,
2012/9/23,20,27,多云,东北风,3-4级,,,
2012/9/24,20,28,晴~多云,东风,3-4级,,,
2012/9/25,21,28,多云,东风,3-4级,,,
2012/9/26,21,27,多云,东风,3-4级,,,
2012/9/27,21,26,多云,东北风,3-4级,,,
2012/9/28,18,28,多云,北风,4-5级,,,
2012/9/29,18,23,晴,北风,3-4级,,,
2012/9/30,16,24,多云~晴,北风,4-5级~3-4级,,,
2012/10/1,17,25,晴,北风~东北风,3-4级,,,
2012/10/2,18,26,晴~多云,东北风,3-4级,,,
2012/10/3,19,25,多云,东北风,3-4级,,,
2012/10/4,19,27,晴,西北风~东北风,微风,,,
2012/10/5,20,25,多云~阴,东北风,3-4级,,,
2012/10/6,19,25,多云,东北风,3-4级,,,
2012/10/7,18,25,多云,东北风,3-4级,,,
2012/10/8,19,25,阴~多云,东北风,3-4级,,,
2012/10/9,18,25,多云,东北风,3-4级,,,
2012/10/10,17,26,晴,西北风~北风,3-4级~4-5级,,,
2012/10/11,17,24,多云~晴,东北风,3-4级,,,
2012/10/12,18,25,多云,东北风,3-4级,,,
2012/10/13,20,24,阴,东北风,3-4级,,,
2012/10/14,19,25,阴~多云,东北风,4-5级,,,
2012/10/15,19,26,晴,东北风,4-5级,,,
2012/10/16,17,26,多云~小雨,东风~北风,3-4级~4-5级,,,
2012/10/17,15,20,多云~晴,北风,4-5级,,,
2012/10/18,14,21,晴,北风~东北风,3-4级,,,
2012/10/19,18,23,晴,东南风,3-4级,,,
2012/10/20,20,25,多云,东南风,3-4级,,,
2012/10/21,19,26,多云~阴,东南风,3-4级,,,
2012/10/22,15,22,阵雨~阴,西北风,4-5级,,,
2012/10/23,16,22,晴~多云,北风~东北风,3-4级,,,
2012/10/24,19,23,多云~小雨,东南风,3-4级,,,
2012/10/25,20,23,小雨~阵雨,东南风,3-4级~4-5级,,,
2012/10/26,20,26,多云,东南风,4-5级,,,
2012/10/27,17,23,阵雨~多云,北风,3-4级,,,
2012/10/28,16,23,晴,北风~东北风,3-4级,,,
2012/10/29,15,22,多云~小雨,东北风,3-4级,,,
2012/10/30,11,17,小雨~阴,北风,4-5级,,,
2012/10/31,10,17,多云~晴,西北风,4-5级,,,
2012/11/1,12,17,晴~多云,东北风,3-4级,,,
2012/11/2,15,19,多云,东风,3-4级,,,
2012/11/3,11,21,小雨~雷雨,东风~西北风,4-5级,,,
2012/11/4,9,16,晴,西北风,4-5级~3-4级,,,
2012/11/5,10,16,晴,西北风,3-4级,,,
2012/11/6,9,17,晴,西北风,3-4级,,,
2012/11/7,11,18,晴~多云,西北风~南风,3-4级,,,
2012/11/8,15,19,阴~小雨,东南风~东风,3-4级,,,
2012/11/9,15,17,中雨,东风,4-5级,,,
2012/11/10,10,20,小雨~阴,西风~西北风,3-4级~4-5级,,,
2012/11/11,8,14,多云~晴,西北风,4-5级,,,
2012/11/12,9,15,晴~多云,西北风,3-4级,,,
2012/11/13,8,17,晴,西北风,4-5级,,,
2012/11/14,9,15,晴,西北风~北风,3-4级,,,
2012/11/15,12,16,多云~小雨,东北风~东风,3-4级,,,
2012/11/16,9,15,中雨~小雨,东南风~西北风,3-4级~4-5级,,,
2012/11/17,8,15,多云~晴,西北风,4-5级~3-4级,,,
2012/11/18,8,16,晴,东风~东南风,3-4级,,,
2012/11/19,11,16,晴,北风~东北风,4-5级,,,
2012/11/20,12,17,多云~小雨,东风~东南风,3-4级,,,
2012/11/21,13,15,小到中雨~小雨,东风~东北风,3-4级,,,
2012/11/22,9,17,小雨~中雨,东北风,3-4级~4-5级,,,
2012/11/23,7,12,小雨~多云,北风,4-5级~3-4级,,,
2012/11/24,8,11,晴~小雨,东北风~东南风,3-4级,,,
2012/11/25,9,14,中雨~小雨,南风~北风,3-4级~4-5级,,,
2012/11/26,5,11,阴~晴,西北风~北风,4-5级~3-4级,,,
2012/11/27,8,12,多云,东风~东南风,3-4级,,,
2012/11/28,9,15,多云~小雨,西南风~西北风,3-4级,,,
2012/11/29,9,14,多云~小雨,东北风,3-4级,,,
2012/11/30,9,12,小雨~阴,东北风,4-5级,,,
2012/12/1,9,12,小雨~中雨,东北风,4-5级,,,
2012/12/2,7,12,小雨~阴,东北风,3-4级,,,
2012/12/3,4,12,多云,西北风,4-5级~3-4级,,,
2012/12/4,5,10,晴~多云,北风~东南风,3-4级,,,
2012/12/5,2,11,多云~晴,西北风,4-5级,,,
2012/12/6,5,9,晴~多云,西北风~南风,3-4级,,,
2012/12/7,4,13,晴,西北风,4-5级,,,
2012/12/8,1,10,多云~晴,西北风,3-4级~4-5级,,,
2012/12/9,1,6,晴~多云,西北风~北风,4-5级~3-4级,,,
2012/12/10,4,8,阴~多云,北风,3-4级,,,
2012/12/11,5,10,晴~多云,北风~东风,3-4级,,,
2012/12/12,6,11,晴,东北风~东南风,3-4级,,,
2012/12/13,13,14,阴~小雨,东南风,4-5级,,,
2012/12/14,8,18,多云~阵雨,西北风~北风,3-4级,,,
2012/12/15,7,10,小雨,北风~东北风,3-4级,,,
2012/12/16,7,11,小雨,东北风,3-4级,,,
2012/12/17,3,10,阴,北风,4-5级,,,
2012/12/18,0,5,阴~多云,北风,4-5级,,,
2012/12/19,4,6,多云,东北风,3-4级,,,
2012/12/20,8,11,小雨~中雨,东风~东南风,3-4级~4-5级,,,
2012/12/21,4,10,小雨,西北风,4-5级,,,
2012/12/22,0,7,小雨~多云,北风,4-5级,,,
2012/12/23,-2,4,晴,西北风,4-5级,,,
2012/12/24,1,4,晴,东北风,3-4级,,,
2012/12/25,5,8,多云~阴,东北风~东风,4-5级~3-4级,,,
2012/12/26,5,7,小雨,东北风,3-4级,,,
2012/12/27,7,9,中雨,东风~东北风,3-4级,,,
2012/12/28,3,10,小雨,西北风~东北风,3-4级,,,
2012/12/29,-2,9,小雨~小雪,西北风,4-5级,,,
2012/12/30,-3,1,多云,西北风,4-5级,,,
2012/12/31,0,4,晴,西北风,3-4级,,,
2013/1/1,1,9,晴,西北风~北风,3-4级,,,
2013/1/2,1,9,多云~阴,北风,4-5级,,,
2013/1/3,-2,0,小雪~阴,北风,4-5级~3-4级,,,
2013/1/4,0,3,雨夹雪,北风,3-4级,,,
2013/1/5,2,5,阴~雨夹雪,北风,3-4级,,,
2013/1/6,1,5,雨夹雪,东北风,3-4级,,,
2013/1/7,1,5,雨夹雪~阴,北风,3-4级,,,
2013/1/8,2,6,多云~阴,北风,3-4级,,,
2013/1/9,0,7,多云~晴,北风,4-5级,,,
2013/1/10,1,6,晴,北风~东北风,3-4级,,,
2013/1/11,2,9,多云~阴,东风~南风,3-4级,,,
2013/1/12,4,10,多云~中雨,东北风~东风,3-4级,,,
2013/1/13,3,7,小到中雨~多云,东北风,4-5级~3-4级,,,
2013/1/14,3,10,晴,北风,3-4级,,,
2013/1/15,3,9,多云~晴,东风~东南风,微风,,,
2013/1/16,1,7,多云,西北风~北风,3-4级~4-5级,,,
2013/1/17,-1,5,多云,北风~东北风,4-5级~3-4级,,,
2013/1/18,0,6,晴,北风,3-4级,,,
2013/1/19,6,10,晴~多云,东南风,3-4级~4-5级,,,
2013/1/20,8,14,阴~小雨,东南风,3-4级,,,
2013/1/21,4,10,小雨,西北风,4-5级,,,
2013/1/22,2,6,小雨~多云,西北风,3-4级,,,
2013/1/23,3,8,多云,西北风,3-4级,,,
2013/1/24,1,11,多云,西北风,4-5级,,,
2013/1/25,1,9,晴,西风~南风,3-4级,,,
2013/1/26,2,11,多云,西风~东北风,3-4级,,,
2013/1/27,1,9,晴,东北风~东南风,3-4级,,,
2013/1/28,6,11,晴~多云,东南风,3-4级,,,
2013/1/29,6,14,阴~晴,东南风,3-4级,,,
2013/1/30,9,15,晴~多云,东南风,3-4级,,,
2013/1/31,10,17,小雨,东南风~南风,4-5级,,,
2013/2/1,7,15,小雨,北风,4-5级,,,
2013/2/2,6,10,阴~多云,东北风~东风,3-4级,,,
2013/2/3,8,13,小雨,东南风~南风,3-4级,,,
2013/2/4,6,11,小雨~中雨,北风~东北风,3-4级,,,
2013/2/5,4,9,小到中雨~阴,东北风~北风,4-5级~3-4级,,,
2013/2/6,0,7,阴~小雨,东北风,3-4级,,,
2013/2/7,0,4,雨夹雪~小雪,北风,4-5级~3-4级,,,
2013/2/8,-1,1,小雪,东北风,3-4级,,,
2013/2/9,0,4,多云~晴,北风,3-4级,,,
2013/2/10,2,7,晴~多云,西北风~东北风,3-4级,,,
2013/2/11,4,8,多云~小雨,东北风~东风,3-4级,,,
2013/2/12,2,6,小雨~多云,北风,4-5级~3-4级,,,
2013/2/13,4,9,多云~小雨,东南风,3-4级,,,
2013/2/14,5,9,小雨,东南风~北风,3-4级级,,,
2013/2/15,3,8,多云,北风~东北风,4-5级级~3-4级级,,,
2013/2/16,6,10,晴~阴,东南风,3-4级~4-5级,,,
2013/2/17,4,13,小雨,南风,3-4级,,,
2013/2/18,0,8,小到中雨~中雨,北风,4-5级,,,
2013/2/19,1,3,小雪~多云,北风~东北风,4-5级级~3-4级级,,,
2013/2/20,3,8,多云,东北风,3-4级,,,
2013/2/21,5,10,多云~小雨,东风,3-4级,,,
2013/2/22,4,12,多云,东北风,3-4级,,,
2013/2/23,5,13,晴,东北风~东风,3-4级级,,,
2013/2/24,8,14,多云~阴,东南风,4-5级,,,
2013/2/25,11,15,阴~小雨,东南风,3-4级,,,
2013/2/26,8,14,小雨~阴,北风~东北风,3-4级,,,
2013/2/27,8,13,多云,东北风,3-4级,,,
2013/2/28,4,16,多云~中雨,东南风~北风,4-5级,,,
2013/3/1,3,8,小到中雨~阴,北风,5-6级~4-5级,,,
2013/3/2,1,7,多云,北风~西北风,4-5级~3-4级,,,
2013/3/3,4,11,晴,西风~西南风,3-4级,,,
2013/3/4,6,17,晴,西风~北风,3-4级,,,
2013/3/5,9,17,晴,东北风~东南风,3-4级,,,
2013/3/6,12,22,晴~多云,南风~西南风,3-4级,,,
2013/3/7,11,23,多云~晴,西风,3-4级,,,
2013/3/8,15,26,晴,西南风,3-4级,,,
2013/3/9,8,28,多云~小雨,西南风~南风,3-4级,,,
2013/3/10,6,11,阴~小雨,北风~东北风,4-5级~3-4级,,,
2013/3/11,8,11,小雨~多云,东北风~东南风,3-4级,,,
2013/3/12,6,20,晴~中雨,东南风~北风,4-5级,,,
2013/3/13,4,8,小雨~阴,北风,5-6级~4-5级,,,
2013/3/14,4,9,多云~晴,东北风~东风,3-4级,,,
2013/3/15,9,15,晴,东南风,3-4级,,,
2013/3/16,12,18,小雨~中雨,东南风,3-4级,,,
2013/3/17,12,18,小到中雨~大雨,南风,3-4级,,,
2013/3/18,12,21,多云~晴,西北风~西风,3-4级,,,
2013/3/19,6,22,小到中雨~中雨,东南风~东北风,4-5级~3-4级,,,
2013/3/20,4,13,阴~多云,北风~东北风,4-5级~3-4级,,,
2013/3/21,8,13,晴~中雨,东南风,4-5级,,,
2013/3/22,9,20,小雨,北风~东北风,4-5级,,,
2013/3/23,7,11,小到中雨~小雨,东风,3-4级,,,
2013/3/24,5,12,小雨~阴,东北风,4-5级,,,
2013/3/25,6,11,晴~小雨,北风~东北风,4-5级~3-4级,,,
2013/3/26,7,11,小雨~阴,东风,3-4级,,,
2013/3/27,8,15,阴~多云,东北风~东南风,3-4级,,,
2013/3/28,8,18,晴~阴,东南风~东北风,3-4级~4-5级,,,
2013/3/29,8,13,阴~多云,东北风~东风,3-4级~微风,,,
2013/3/30,9,17,多云,东南风,3-4级,,,
2013/3/31,8,16,多云,东北风~东南风,3-4级,,,
2013/4/1,9,18,多云~阴,东南风~南风,3-4级,,,
2013/4/2,6,16,晴,北风~东北风,4-5级~3-4级,,,
2013/4/3,11,17,多云~阴,东南风,3-4级,,,
2013/4/4,13,19,阴,东南风,3-4级~4-5级,,,
2013/4/5,7,17,小到中雨~小雨,东南风~西北风,4-5级,,,
2013/4/6,6,11,小雨~晴,西北风,5-6级~4-5级,,,
2013/4/7,8,15,晴,西风~南风,微风~3-4级,,,
2013/4/8,11,20,多云,南风~西北风,3-4级~4-5级,,,
2013/4/9,9,17,多云,西北风,4-5级~3-4级,,,
2013/4/10,9,18,晴,西南风,3-4级,,,
2013/4/11,10,19,晴,西北风~南风,微风,,,
2013/4/12,13,22,晴,西北风~西南风,3-4级,,,
2013/4/13,14,27,晴~多云,西南风,3-4级~4-5级,,,
2013/4/14,13,28,晴,东北风~南风,3-4级,,,
2013/4/15,19,29,晴~多云,南风,3-4级~4-5级,,,
2013/4/16,17,27,阴,南风~西南风,4-5级~3-4级,,,
2013/4/17,14,24,多云,东北风~东南风,3-4级,,,
2013/4/18,10,19,阴~多云,东北风,4-5级,,,
2013/4/19,10,15,多云~中雨,东北风,3-4级~微风,,,
2013/4/20,8,13,小雨~阴,东北风,3-4级~4-5级,,,
2013/4/21,9,14,多云~晴,东北风~东风,3-4级,,,
2013/4/22,14,18,阵雨~大雨,东南风,3-4级~4-5级,,,
2013/4/23,14,18,小雨~阴,西南风~西北风,3-4级,,,
2013/4/24,13,21,多云,西北风~东南风,3-4级,,,
2013/4/25,12,26,多云~晴,西南风~西北风,微风~3-4级,,,
2013/4/26,14,25,晴,南风,3-4级,,,
2013/4/27,16,26,晴,南风,4-5级,,,
2013/4/28,18,27,多云,南风,4-5级~3-4级,,,
2013/4/29,14,26,小雨~中雨,东北风,4-5级,,,
2013/4/30,12,18,小雨~多云,东北风~北风,4-5级~3-4级,,,
2013/5/1,13,23,晴,北风,3-4级,,,
2013/5/2,14,23,多云~晴,东风~东南风,微风,,,
2013/5/3,15,24,晴,东南风,3-4级,,,
2013/5/4,16,24,晴~多云,东风,3-4级,,,
2013/5/5,16,24,多云,东风~东南风,3-4级,,,
2013/5/6,17,20,小雨,东南风,3-4级,,,
2013/5/7,17,22,小雨,东南风,3-4级,,,
2013/5/8,18,20,小雨,东南风,3-4级,,,
2013/5/9,19,22,中雨~小雨,南风~西北风,3-4级,,,
2013/5/10,18,24,小雨~阴,西北风~西南风,3-4级,,,
2013/5/11,19,28,多云~晴,西南风,3-4级,,,
2013/5/12,19,30,晴,南风,3-4级,,,
2013/5/13,20,30,晴,东南风,3-4级,,,
2013/5/14,21,29,多云~阴,东南风,3-4级,,,
2013/5/15,19,24,小雨~暴雨,东风,3-4级,,,
2013/5/16,19,21,中雨~小雨,东风,4-5级,,,
2013/5/17,19,21,小到中雨~小雨,东风,4-5级~3-4级,,,
2013/5/18,19,22,小到中雨~小雨,东南风~西北风,3-4级,,,
2013/5/19,19,26,多云,北风~南风,3-4级,,,
2013/5/20,21,30,多云,南风~东南风,微风~3-4级,,,
2013/5/21,20,30,晴~多云,东南风,3-4级,,,
2013/5/22,21,29,多云,东南风,3-4级,,,
2013/5/23,21,24,小雨~阴,东风,3-4级,,,
2013/5/24,21,28,多云,东南风,3-4级,,,
2013/5/25,22,30,多云,东南风,4-5级,,,
2013/5/26,22,25,小雨~大雨,东南风,4-5级~5-6级,,,
2013/5/27,22,27,小到中雨~阴,西南风~西风,4-5级~3-4级,,,
2013/5/28,22,28,多云~晴,西风,3-4级,,,
2013/5/29,20,33,阵雨~中雨,东北风,3-4级,,,
2013/5/30,18,20,小到中雨~小雨,东北风~东风,4-5级~3-4级,,,
2013/5/31,19,23,小雨,东南风,微风,,,
2013/6/1,19,23,小雨,东北风,微风,,,
2013/6/2,18,23,阴~多云,东北风,3-4级,,,
2013/6/3,20,28,晴,东风~东南风,3-4级,,,
2013/6/4,21,26,多云,东南风,3-4级,,,
2013/6/5,22,28,阴~多云,东南风,4-5级~3-4级,,,
2013/6/6,21,28,多云~小雨,东南风,3-4级~4-5级,,,
2013/6/7,20,24,暴雨~大雨,东南风~东风,5-6级,,,
2013/6/8,20,24,~小雨,东北风,4-5级,,,
2013/6/9,20,23,小雨,西北风,3-4级,,,
2013/6/10,20,23,阴,北风,3-4级,,,
2013/6/11,20,25,小雨,西北风,3-4级,,,
2013/6/12,20,24,小雨~阴,东北风~东风,3-4级,,,
2013/6/13,20,22,小雨,东风~东南风,3-4级,,,
2013/6/14,21,23,小到中雨~小雨,东风,3-4级,,,
2013/6/15,23,27,小雨~阴,东南风,3-4级,,,
2013/6/16,25,29,阴,东风~东南风,3-4级,,,
2013/6/17,26,36,多云,南风~西南风,微风,,,
2013/6/18,26,35,小到中雨~阴,西南风,微风,,,
2013/6/19,25,33,中雨~阴,东北风,3-4级,,,
2013/6/20,24,30,阴,东北风,3-4级,,,
2013/6/21,23,31,多云,东北风,3-4级,,,
2013/6/22,25,31,多云~小雨,东风,3-4级,,,
2013/6/23,24,32,大雨~中雨,西南风,3-4级,,,
2013/6/24,24,27,中雨~小雨,东风,3-4级,,,
2013/6/25,23,28,暴雨~中雨,东南风~北风,3-4级,,,
2013/6/26,22,26,阴~大雨,东北风~东南风,3-4级~微风,,,
2013/6/27,21,24,大雨~阵雨,东风,3-4级,,,
2013/6/28,22,24,小雨,东北风~东风,3-4级,,,
2013/6/29,23,26,小雨~阴,东南风,3-4级,,,
2013/6/30,26,31,阴~多云,东南风,3-4级,,,
2013/7/1,28,35,多云,南风,3-4级,,,
2013/7/2,29,39,晴,西南风,4-5级,,,
2013/7/3,29,36,多云,西南风,3-4级,,,
2013/7/4,28,37,多云,西南风,3-4级~4-5级,,,
2013/7/5,26,36,雷雨~大雨,西南风~西北风,4-5级~3-4级,,,
2013/7/6,26,30,雷雨~阴,东南风~南风,3-4级,,,
2013/7/7,28,35,多云,西南风~南风,4-5级~3-4级,,,
2013/7/8,29,36,小雨~多云,西南风~南风,4-5级,,,
2013/7/9,29,37,晴,南风,3-4级,,,
2013/7/10,28,38,晴,南风,3-4级,,,
2013/7/11,27,38,晴,南风~东南风,微风,,,
2013/7/12,27,35,晴~多云,东南风,4-5级,,,
2013/7/13,28,33,多云,东南风,4-5级,,,
2013/7/14,28,34,多云~晴,东南风~南风,5-6级~4-5级,,,
2013/7/15,28,36,多云,南风,4-5级~3-4级,,,
2013/7/16,28,36,晴,南风,4-5级~3-4级,,,
2013/7/17,28,37,晴,南风,3-4级,,,
2013/7/18,28,35,晴,南风,4-5级,,,
2013/7/19,28,35,多云~晴,南风,4-5级,,,
2013/7/20,28,36,多云,南风,3-4级,,,
2013/7/21,28,35,雷雨~多云,南风~西南风,3-4级,,,
2013/7/22,28,35,多云~晴,西南风,3-4级,,,
2013/7/23,30,38,晴,西南风,3-4级,,,
2013/7/24,30,39,晴,西南风,3-4级,,,
2013/7/25,31,39,多云,西风~西南风,3-4级,,,
2013/7/26,30,39,多云,西南风~东南风,微风,,,
2013/7/27,29,38,多云,西南风~南风,3-4级,,,
2013/7/28,30,39,多云,西南风,3-4级,,,
2013/7/29,31,39,多云,西南风,3-4级,,,
2013/7/30,30,39,晴,西南风~南风,3-4级,,,
2013/7/31,30,39,雷雨~多云,西南风~南风,微风,,,
2013/8/1,29,38,雷雨~多云,南风,3-4级,,,
2013/8/2,29,36,多云,南风,4-5级~3-4级,,,
2013/8/3,29,35,阵雨~多云,西南风,3-4级,,,
2013/8/4,29,36,雷雨,西南风,3-4级,,,
2013/8/5,30,37,多云~晴,西南风~南风,3-4级,,,
2013/8/6,31,39,晴,西南风,3-4级,,,
2013/8/7,31,40,晴,西南风,微风~3-4级,,,
2013/8/8,31,40,晴,西南风~南风,3-4级,,,
2013/8/9,30,40,晴,南风,3-4级,,,
2013/8/10,30,39,多云~晴,南风~东南风,3-4级,,,
2013/8/11,29,38,晴,南风,3-4级,,,
2013/8/12,28,37,晴,东南风,4-5级,,,
2013/8/13,29,37,晴,东南风,4-5级,,,
2013/8/14,28,36,晴,东南风,4-5级,,,
2013/8/15,28,35,多云,东南风,4-5级,,,
2013/8/16,28,36,多云,东南风,4-5级,,,
2013/8/17,28,36,晴~多云,东南风,4-5级~3-4级,,,
2013/8/18,28,34,阵雨,东风,4-5级,,,
2013/8/19,28,34,阵雨,东风~东北风,4-5级~3-4级,,,
2013/8/20,28,34,阵雨~多云,东北风,3-4级,,,
2013/8/21,28,32,小雨,东北风,4-5级,,,
2013/8/22,28,33,小雨~阵雨,东风,5-6级~4-5级,,,
2013/8/23,28,35,多云,东南风,4-5级~3-4级,,,
2013/8/24,27,36,多云,西南风,3-4级,,,
2013/8/25,25,34,中雨~小雨,西南风~东北风,3-4级,,,
2013/8/26,25,28,小到中雨~阴,东北风,3-4级,,,
2013/8/27,27,32,多云,东风~东南风,3-4级,,,
2013/8/28,28,35,多云,南风,3-4级,,,
2013/8/29,27,36,雷雨~阵雨,南风~北风,3-4级,,,
2013/8/30,23,32,中雨~阴,北风,3-4级~4-5级,,,
2013/8/31,23,29,多云,北风,4-5级~3-4级,,,
2013/9/1,23,29,多云,东北风,4-5级,,,
2013/9/2,24,29,多云,北风,4-5级,,,
2013/9/3,23,30,多云,东北风,4-5级,,,
2013/9/4,22,29,多云,东北风,3-4级,,,
2013/9/5,21,26,小雨,东北风,微风,,,
2013/9/6,21,23,小雨,北风,微风,,,
2013/9/7,22,25,小雨~阴,东北风,微风~3-4级,,,
2013/9/8,24,29,阴~多云,东北风~东风,3-4级,,,
2013/9/9,25,32,多云,东南风,3-4级,,,
2013/9/10,25,34,多云,南风,3-4级,,,
2013/9/11,25,31,雷雨~多云,东风,微风,,,
2013/9/12,26,33,多云,东南风,微风,,,
2013/9/13,25,33,中雨~雷雨,南风,3-4级,,,
2013/9/14,24,31,阵雨~多云,南风,3-4级,,,
2013/9/15,24,31,多云~晴,东北风,3-4级,,,
2013/9/16,22,31,晴,东北风,3-4级,,,
2013/9/17,24,30,多云,东风,4-5级,,,
2013/9/18,24,31,晴,东风,3-4级,,,
2013/9/19,24,29,多云,东风,3-4级,,,
2013/9/20,25,30,多云~小雨,东风,3-4级~4-5级,,,
2013/9/21,25,28,阵雨,东风,4-5级,,,
2013/9/22,26,30,阵雨,东风,4-5级,,,
2013/9/23,25,31,多云,东南风,4-5级,,,
2013/9/24,21,32,多云~中雨,东南风~北风,3-4级~4-5级,,,
2013/9/25,20,24,阴~多云,北风,4-5级~3-4级,,,
2013/9/26,20,25,多云,北风,4-5级~3-4级,,,
2013/9/27,21,26,多云~小雨,东北风~东风,3-4级,,,
2013/9/28,20,26,小雨,南风~北风,3-4级,,,
2013/9/29,20,25,多云,西北风,3-4级,,,
2013/9/30,20,27,多云,北风,3-4级,,,
2013/10/1,20,27,多云,北风,3-4级,,,
2013/10/2,19,26,阴~多云,北风,4-5级,,,
2013/10/3,19,25,晴,北风~东北风,4-5级,,,
2013/10/4,20,26,晴,东北风,4-5级,,,
2013/10/5,22,26,多云~阵雨,北风~东北风,4-5级~5-6级,,,
2013/10/6,23,26,阵雨~大雨,东北风,5-6级,,,
2013/10/7,22,25,中雨,东风,5-6级~4-5级,,,
2013/10/8,20,23,中雨~小雨,北风,5-6级~4-5级,,,
2013/10/9,21,25,阴~多云,北风,3-4级,,,
2013/10/10,20,27,多云~晴,南风,3-4级,,,
2013/10/11,20,28,晴,西风~北风,微风~3-4级,,,
2013/10/12,19,27,晴,东风,3-4级,,,
2013/10/13,21,27,晴,东风~东南风,3-4级,,,
2013/10/14,17,28,多云~小雨,东风~北风,3-4级~4-5级,,,
2013/10/15,15,20,小雨~阴,北风,5-6级~4-5级,,,
2013/10/16,15,19,阴,北风,4-5级~3-4级,,,
2013/10/17,17,20,阴,东北风,3-4级,,,
2013/10/18,19,23,阴,北风~东北风,3-4级,,,
2013/10/19,18,23,阴~多云,东北风~北风,3-4级,,,
2013/10/20,16,23,多云~晴,北风,3-4级,,,
2013/10/21,17,22,多云,北风,3-4级,,,
2013/10/22,17,21,多云,北风,3-4级,,,
2013/10/23,16,22,晴~多云,北风,3-4级~4-5级,,,
2013/10/24,14,20,多云,北风,5-6级,,,
2013/10/25,13,18,多云,北风,4-5级,,,
2013/10/26,12,19,晴,西北风~北风,4-5级~3-4级,,,
2013/10/27,14,20,晴~多云,北风~东南风,3-4级,,,
2013/10/28,16,22,晴~多云,东南风,3-4级,,,
2013/10/29,18,23,晴~多云,东南风,3-4级,,,
2013/10/30,18,22,阴~小雨,东北风~东风,3-4级,,,
2013/10/31,18,21,小雨~多云,东北风~东风,3-4级,,,
2013/11/1,18,23,多云,东风~东南风,3-4级,,,
2013/11/2,18,23,阴,东北风,3-4级,,,
2013/11/3,15,22,阴~多云,北风,3-4级,,,
2013/11/4,14,20,晴,北风~东北风,4-5级~3-4级,,,
2013/11/5,14,20,多云,东风,3-4级,,,
2013/11/6,14,22,多云,东南风,3-4级,,,
2013/11/7,16,22,晴,无持续风向~东南风,微风~3-4级,,,
2013/11/8,18,23,晴~多云,东南风,3-4级~4-5级,,,
2013/11/9,14,26,阴~小雨,南风~北风,3-4级~4-5级,,,
2013/11/10,12,17,小雨~阴,北风,4-5级,,,
2013/11/11,13,16,阴,北风,3-4级,,,
2013/11/12,12,15,阴,北风~东北风,3-4级,,,
2013/11/13,13,18,多云~小雨,东北风~东风,3-4级,,,
2013/11/14,11,17,小雨~阴,西北风,3-4级,,,
2013/11/15,10,18,晴,西北风,3-4级,,,
2013/11/16,8,19,晴,西北风,3-4级~4-5级,,,
2013/11/17,7,15,晴,西北风,4-5级,,,
2013/11/18,6,13,晴,西北风,4-5级,,,
2013/11/19,6,14,晴,西北风,4-5级~3-4级,,,
2013/11/20,9,17,晴,西南风~东风,3-4级,,,
2013/11/21,12,19,多云,东南风~东风,3-4级,,,
2013/11/22,13,19,多云~晴,东南风,3-4级,,,
2013/11/23,11,20,晴~小雨,东南风,3-4级,,,
2013/11/24,8,19,小雨~多云,西北风,5-6级,,,
2013/11/25,6,14,晴,西北风,4-5级,,,
2013/11/26,6,15,多云~阴,西南风~西北风,3-4级~4-5级,,,
2013/11/27,2,13,阴~多云,西北风,4-5级,,,
2013/11/28,1,8,晴,西北风,4-5级,,,
2013/11/29,2,10,晴,西北风~西南风,3-4级,,,
2013/11/30,5,14,晴,西南风~西北风,3-4级,,,
2013/12/1,4,13,晴,西北风,3-4级,,,
2013/12/2,7,14,晴,西北风~南风,3-4级,,,
2013/12/3,9,17,多云~阴,东南风~西北风,3-4级,,,
2013/12/4,9,18,多云,东北风,3-4级,,,
2013/12/5,9,17,多云~晴,南风~西南风,3-4级,,,
2013/12/6,8,13,多云,西北风~东北风,3-4级,,,
2013/12/7,9,14,多云~晴,北风~东南风,3-4级,,,
2013/12/8,7,17,雾~多云,东南风~南风,3-4级,,,
2013/12/9,3,10,阴~多云,西北风,5-6级~4-5级,,,
2013/12/10,3,9,晴,西北风,3-4级,,,
2013/12/11,4,9,晴,西北风,4-5级~3-4级,,,
2013/12/12,5,12,多云,南风~北风,微风~3-4级,,,
2013/12/13,6,11,晴,东北风,3-4级,,,
2013/12/14,7,13,晴~阴,东北风,3-4级,,,
2013/12/15,6,12,阴~中雨,东北风,3-4级,,,
2013/12/16,6,8,中雨,东北风,4-5级,,,
2013/12/17,6,8,小雨,东北风,4-5级,,,
2013/12/18,3,10,多云,北风,4-5级,,,
2013/12/19,1,7,晴,西北风,4-5级,,,
2013/12/20,1,7,晴,西北风,4-5级,,,
2013/12/21,1,6,多云,西北风,4-5级,,,
2013/12/22,3,8,多云~晴,北风,3-4级,,,
2013/12/23,3,8,多云,北风,3-4级,,,
2013/12/24,3,9,多云~晴,北风,3-4级,,,
2013/12/25,3,9,多云,东北风~北风,3-4级,,,
2013/12/26,0,7,多云~阴,西北风,4-5级,,,
2013/12/27,-2,4,多云~晴,西北风,4-5级,,,
2013/12/28,-1,5,多云~晴,西北风,3-4级,,,
2013/12/29,0,6,晴,西北风~西风,3-4级,,,
2013/12/30,2,10,晴,西风,3-4级,,,
2013/12/31,4,12,晴,西风,3-4级,,,
2014/1/1,5,14,晴,西风,3-4级,,,
2014/1/2,8,16,晴~多云,东南风,3-4级,,,
2014/1/3,6,14,多云,北风,3-4级,,,
2014/1/4,3,10,多云~晴,西北风~北风,3-4级,,,
2014/1/5,5,10,晴~多云,东北风~东风,3-4级,,,
2014/1/6,8,11,多云,东南风,3-4级,,,
2014/1/7,6,12,小雨~中雨,东南风,3-4级~4-5级,,,
2014/1/8,2,8,小雨,西北风~北风,4-5级,,,
2014/1/9,0,5,多云,北风,4-5级,,,
2014/1/10,4,8,晴~阴,东风,3-4级,,,
2014/1/11,4,8,小雨,东风~东北风,3-4级,,,
2014/1/12,3,7,小雨~阴,北风,3-4级,,,
2014/1/13,2,7,多云,北风~东北风,3-4级,,,
2014/1/14,2,8,多云~晴,东北风,3-4级,,,
2014/1/15,3,8,晴,东北风,3-4级,,,
2014/1/16,3,10,多云,西北风~东南风,3-4级,,,
2014/1/17,3,11,晴,西北风,微风,,,
2014/1/18,2,9,晴,西北风~北风,3-4级,,,
2014/1/19,3,10,晴,东南风~西南风,3-4级,,,
2014/1/20,1,10,晴,西北风,4-5级,,,
2014/1/21,0,6,晴,西北风,4-5级~3-4级,,,
2014/1/22,1,6,晴,北风~东南风,3-4级,,,
2014/1/23,6,11,晴,南风,3-4级,,,
2014/1/24,8,16,晴~多云,南风,4-5级,,,
2014/1/25,6,17,多云,西南风~北风,4-5级,,,
2014/1/26,4,10,多云,东北风~东风,4-5级~3-4级,,,
2014/1/27,6,13,晴,东南风,3-4级,,,
2014/1/28,7,14,多云~阴,东北风~东南风,3-4级,,,
2014/1/29,8,14,小雨~阴,东南风~西风,3-4级,,,
2014/1/30,10,16,多云~晴,南风~东南风,3-4级,,,
2014/1/31,12,18,晴,东南风~南风,3-4级,,,
2014/2/1,12,23,晴~多云,南风,微风,,,
2014/2/2,5,19,多云~小雨,东风~东北风,微风~4-5级,,,
2014/2/3,3,10,小雨~阴,北风,4-5级,,,
2014/2/4,3,6,多云~小雨,东北风,4-5级~3-4级,,,
2014/2/5,6,8,小雨~中雨,东风,4-5级,,,
2014/2/6,5,10,中雨,东北风,4-5级,,,
2014/2/7,3,7,小雨,北风,4-5级,,,
2014/2/8,2,6,多云~阴,北风,4-5级,,,
2014/2/9,0,4,雨夹雪~阴,北风,4-5级,,,
2014/2/10,-1,2,小雪~阴,北风,4-5级,,,
2014/2/11,2,4,多云~小雨,北风,4-5级~3-4级,,,
2014/2/12,3,5,雨夹雪,北风~东北风,4-5级,,,
2014/2/13,4,7,小雨~阴,北风,4-5级,,,
2014/2/14,2,8,多云~晴,北风,4-5级,,,
2014/2/15,5,9,多云~阴,东北风~东南风,3-4级,,,
2014/2/16,7,9,中雨,东南风~北风,3-4级,,,
2014/2/17,5,9,小雨,东北风,3-4级,,,
2014/2/18,3,6,中雨~雨夹雪,北风,4-5级,,,
2014/2/19,1,5,小雨~多云,西北风,3-4级,,,
2014/2/20,2,9,晴,西北风~东北风,3-4级~微风,,,
2014/2/21,3,10,晴~多云,东风,3-4级,,,
2014/2/22,5,11,多云,东风,3-4级,,,
2014/2/23,6,12,多云,东风,3-4级,,,
2014/2/24,8,12,小雨~中雨,东风,3-4级,,,
2014/2/25,9,12,中雨~小雨,东风~南风,4-5级~3-4级,,,
2014/2/26,7,11,小雨~阴,西北风,4-5级~3-4级,,,
2014/2/27,8,14,多云~小雨,北风,微风,,,
2014/2/28,6,11,小雨~中雨,东北风~东风,微风~3-4级,,,
2014/3/1,4,9,小雨,东北风,4-5级,,,
2014/3/2,7,11,阴,北风~东北风,4-5级~3-4级,,,
2014/3/3,9,13,多云~小雨,东风,4-5级,,,
2014/3/4,6,11,小雨~多云,东北风~北风,3-4级~4-5级,,,
2014/3/5,5,10,多云~阴,北风~东北风,3-4级,,,
2014/3/6,4,8,小雨~多云,东北风,3-4级,,,
2014/3/7,6,11,晴~小雨,东风,3-4级,,,
2014/3/9,4,13,晴,北风~东北风,3-4级,,,
2014/3/10,6,14,晴,东风~东南风,3-4级,,,
2014/3/11,10,15,晴~小雨,东南风,4-5级,,,
2014/3/12,6,16,小雨,南风~北风,3-4级~4-5级,,,
2014/3/13,4,11,多云~晴,北风~西风,4-5级~3-4级,,,
2014/3/14,8,15,晴,西风~西南风,3-4级,,,
2014/3/15,10,19,晴,西南风~南风,3-4级,,,
2014/3/16,13,21,晴~阵雨,南风~东南风,3-4级,,,
2014/3/17,13,22,多云~晴,南风,3-4级,,,
2014/3/18,10,25,晴~小雨,西风~东北风,微风~3-4级,,,
2014/3/19,8,14,小雨,东风~东北风,3-4级~4-5级,,,
2014/3/20,5,13,多云,北风,4-5级~3-4级,,,
2014/3/21,5,14,晴,北风~南风,3-4级,,,
2014/3/22,8,17,晴,南风~东南风,3-4级,,,
2014/3/23,11,17,晴~多云,东南风,4-5级,,,
2014/3/24,14,20,多云~小雨,南风,3-4级,,,
2014/3/25,15,18,中雨~小雨,南风~西风,3-4级,,,
2014/3/26,13,21,多云,西北风~东北风,3-4级,,,
2014/3/27,13,20,晴~阴,东南风,3-4级~4-5级,,,
2014/3/28,14,18,小雨~中雨,东南风~南风,4-5级~3-4级,,,
2014/3/29,12,20,中雨~阴,北风~东北风,4-5级~3-4级,,,
2014/3/30,11,19,多云,西北风~东北风,3-4级,,,
2014/3/31,12,17,阴,东风,3-4级,,,
2014/4/1,12,19,多云,东风,3-4级,,,
2014/4/2,13,18,小雨,东风,3-4级,,,
2014/4/3,9,19,小雨~多云,北风,4-5级~3-4级,,,
2014/4/4,10,18,晴,西北风,3-4级,,,
2014/4/5,8,21,晴,东北风,4-5级~3-4级,,,
2014/4/6,12,17,多云~小雨,东南风,3-4级,,,
2014/4/7,12,18,阴,东南风,3-4级,,,
2014/4/8,14,21,小雨~多云,东风,3-4级,,,
2014/4/9,13,23,晴~多云,东南风,3-4级,,,
2014/4/10,14,25,多云,东南风,3-4级,,,
2014/4/11,14,21,阴~大雨,东南风,4-5级,,,
2014/4/12,14,18,中雨~小雨,东南风~北风,4-5级,,,
2014/4/13,12,17,小雨~多云,东北风,4-5级~3-4级,,,
2014/4/14,12,21,晴,东北风~东南风,3-4级,,,
2014/4/15,14,21,多云~小雨,东南风,4-5级,,,
2014/4/16,17,18,中雨~小雨,东南风,4-5级,,,
2014/4/17,15,20,中雨~阴,北风~东北风,微风,,,
2014/4/18,13,18,多云~小雨,东北风,3-4级,,,
2014/4/19,13,15,小雨,东风,4-5级,,,
2014/4/20,13,18,多云~小雨,东北风,3-4级,,,
2014/4/21,12,16,小雨,东北风,3-4级,,,
2014/4/22,13,18,多云~晴,东北风~东风,微风~3-4级,,,
2014/4/23,14,23,晴~多云,东南风,3-4级,,,
2014/4/24,16,23,多云,东南风,4-5级,,,
2014/4/25,17,24,小雨~中雨,东南风,4-5级,,,
2014/4/26,16,19,大雨~中雨,东南风,4-5级,,,
2014/4/27,15,20,小雨,西北风,3-4级,,,
2014/4/28,13,20,阴~多云,西北风,4-5级~3-4级,,,
2014/4/29,13,23,晴,西北风~西风,3-4级,,,
2014/4/30,16,24,晴,西风~南风,3-4级,,,
2014/5/1,18,27,晴,南风,3-4级,,,
2014/5/2,17,30,多云~阴,西南风~东北风,3-4级,,,
2014/5/3,15,20,多云~阴,东风~东南风,3-4级,,,
2014/5/4,13,20,小雨~阴,东南风~北风,3-4级~4-5级,,,
2014/5/5,13,21,多云~晴,东北风~东风,3-4级,,,
2014/5/6,15,23,晴,东南风~南风,3-4级,,,
2014/5/7,17,25,晴,南风,4-5级,,,
2014/5/8,16,27,多云~晴,东北风~东风,3-4级,,,
2014/5/9,17,22,多云~小雨,东风~东南风,3-4级,,,
2014/5/10,19,21,小雨,东南风,4-5级,,,
2014/5/11,17,24,小雨~阴,南风~西北风,4-5级~3-4级,,,
2014/5/12,17,27,多云,西风~东南风,3-4级,,,
2014/5/13,19,26,小雨~中雨,东南风,3-4级,,,
2014/5/14,19,26,小雨~多云,北风,3-4级,,,
2014/5/15,17,27,多云~晴,东北风~东南风,3-4级,,,
2014/5/16,18,27,多云~阵雨,东南风,3-4级,,,
2014/5/17,18,21,小雨,东南风,3-4级,,,
2014/5/18,17,19,小雨~阴,东风,3-4级,,,
2014/5/19,19,22,小雨,东风,3-4级,,,
2014/5/20,18,26,多云~晴,北风,3-4级,,,
2014/5/21,20,30,晴~阴,南风~东南风,3-4级,,,
2014/5/22,19,28,多云~晴,东南风,3-4级,,,
2014/5/23,20,27,晴~多云,东南风,4-5级,,,
2014/5/24,22,26,多云~小雨,东南风~南风,4-5级~3-4级,,,
2014/5/25,23,28,中雨~阴,西南风~西北风,3-4级,,,
2014/5/26,23,32,晴,西北风~南风,3-4级,,,
2014/5/27,24,34,晴,西南风,3-4级,,,
2014/5/28,23,34,晴~多云,西北风~东南风,3-4级,,,
2014/5/29,23,32,晴~多云,东南风,3-4级,,,
2014/5/30,22,34,晴~多云,南风,3-4级,,,
2014/5/31,22,29,多云~小雨,东南风,4-5级,,,
2014/6/1,21,23,大雨~中雨,东南风,4-5级,,,
2014/6/2,20,27,阴,西风~西北风,4-5级,,,
2014/6/3,20,25,阴,西北风,4-5级,,,
2014/6/4,20,26,阴~多云,西北风,3-4级,,,
2014/6/5,21,26,多云,北风,3-4级,,,
2014/6/6,21,29,多云,东风~东南风,3-4级,,,
2014/6/7,22,30,多云,东南风,3-4级,,,
2014/6/8,22,29,多云,东风~东南风,3-4级,,,
2014/6/9,21,27,多云,东南风,3-4级,,,
2014/6/10,21,27,多云~阴,东北风,3-4级,,,
2014/6/11,20,28,多云,东北风,3-4级,,,
2014/6/12,21,29,多云~晴,北风~南风,3-4级,,,
2014/6/13,22,32,多云,西南风~东南风,3-4级,,,
2014/6/14,23,32,多云,东南风,3-4级,,,
2014/6/15,23,32,阴~阵雨,东南风,3-4级,,,
2014/6/16,23,26,小雨~中雨,东风,4-5级~3-4级,,,
2014/6/17,22,25,小雨~阴,北风~东北风,3-4级,,,
2014/6/18,22,26,阴~多云,东北风~东风,3-4级,,,
2014/6/19,23,28,多云~小雨,东南风,3-4级,,,
2014/6/20,23,25,小雨~中雨,东南风,4-5级~3-4级,,,
2014/6/21,22,24,大雨~小雨,东北风,3-4级,,,
2014/6/22,21,25,阴,东北风,3-4级,,,
2014/6/23,21,24,小雨~多云,东风~东南风,3-4级,,,
2014/6/24,23,29,多云~阴,东南风,3-4级,,,
2014/6/25,21,25,中雨~大雨,东南风~东风,3-4级~4-5级,,,
2014/6/26,21,23,大雨~中雨,东风~东北风,3-4级,,,
2014/6/27,21,25,小雨~阴,东北风,3-4级,,,
2014/6/28,23,28,阴,西南风~南风,微风,,,
2014/6/29,23,30,阴,南风,3-4级,,,
2014/6/30,22,26,小雨,东南风,3-4级,,,
2014/7/1,22,24,小雨~中雨,东南风,3-4级,,,
2014/7/2,22,26,大雨~小雨,南风~西北风,3-4级,,,
2014/7/3,23,29,多云,北风~东南风,3-4级,,,
2014/7/4,23,27,小雨,东南风,3-4级,,,
2014/7/5,23,27,大雨,东南风~南风,4-5级,,,
2014/7/6,23,29,阴,西北风,3-4级,,,
2014/7/7,24,30,多云,东北风,3-4级,,,
2014/7/8,24,30,多云~小雨,东北风~北风,4-5级,,,
2014/7/9,25,31,多云,北风~西北风,5-6级~4-5级,,,
2014/7/10,26,34,阵雨~多云,西北风,3-4级,,,
2014/7/11,26,35,雷雨~多云,东南风~南风,3-4级,,,
2014/7/12,24,33,大雨,西南风,微风,,,
2014/7/13,23,26,小雨,西北风~东北风,3-4级,,,
2014/7/14,24,30,多云~阵雨,南风~东南风,3-4级,,,
2014/7/15,23,25,大到暴雨~小雨,东南风,3-4级,,,
2014/7/16,26,31,阵雨~小雨,南风,微风,,,
2014/7/17,26,34,多云,东南风,4-5级,,,
2014/7/18,27,34,多云,东南风,3-4级,,,
2014/7/19,27,33,多云,东南风,3-4级,,,
2014/7/20,27,35,晴~多云,东南风,3-4级,,,
2014/7/21,27,35,晴,东南风,3-4级,,,
2014/7/22,27,35,晴~多云,东南风,3-4级,,,
2014/7/23,28,34,多云~小雨,东南风,3-4级~4-5级,,,
2014/7/24,28,33,多云~小雨,东南风,5-6级~6-7级,,,
2014/7/25,27,30,阵雨~多云,西南风,4-5级~3-4级,,,
2014/7/26,27,32,阵雨~雷雨,东北风~南风,3-4级,,,
2014/7/27,27,32,阵雨~大雨,东南风~南风,3-4级,,,
2014/7/28,27,31,阴~中雨,北风~东南风,微风,,,
2014/7/29,27,34,多云,东南风,3-4级,,,
2014/7/30,27,35,多云~晴,东南风~东风,3-4级,,,
2014/7/31,26,34,阵雨~多云,东风~东北风,3-4级~4-5级,,,
2014/8/1,26,28,阵雨~大雨,东北风~北风,5-6级,,,
2014/8/2,26,28,阴~小雨,西北风,5-6级~4-5级,,,
2014/8/3,27,34,多云~阵雨,西风,3-4级,,,
2014/8/4,28,36,晴,西南风~东南风,3-4级,,,
2014/8/5,28,35,晴,东南风,3-4级,,,
2014/8/6,27,35,多云,东南风,3-4级,,,
2014/8/7,26,34,多云,东风~东北风,3-4级,,,
2014/8/8,26,30,阵雨,东北风,3-4级,,,
2014/8/9,25,28,阵雨,东北风~北风,微风,,,
2014/8/10,25,28,阴~阵雨,西北风~北风,3-4级,,,
2014/8/11,25,30,阴~多云,东北风,3-4级,,,
2014/8/12,24,28,小雨,东北风~东风,3-4级,,,
2014/8/13,24,30,中雨,东风,3-4级,,,
2014/8/14,25,28,小雨,东北风,4-5级,,,
2014/8/15,24,28,多云,北风~东北风,3-4级,,,
2014/8/16,23,30,中雨,东风,3-4级,,,
2014/8/17,23,25,小雨,东北风~西北风,4-5级,,,
2014/8/18,22,26,大雨,北风~东北风,3-4级,,,
2014/8/19,21,24,中到大雨,北风~东北风,3-4级,,,
2014/8/20,21,24,阴,北风~西北风,4-5级,,,
2014/8/21,24,30,多云,西风~东南风,3-4级,,,
2014/8/22,25,31,阴,东南风,3-4级,,,
2014/8/23,26,32,阴,东南风~南风,3-4级,,,
2014/8/24,25,34,中雨,南风~西南风,3-4级,,,
2014/8/25,25,30,多云,西北风~北风,3-4级,,,
2014/8/26,24,30,阵雨,东北风,3-4级,,,
2014/8/27,23,25,阵雨~中雨,东风~东北风,3-4级,,,
2014/8/28,24,29,阴~小雨,东北风~西北风,3-4级,,,
2014/8/29,23,27,中雨~阴,东北风,3-4级,,,
2014/8/30,24,29,多云~阴,东北风~东风,3-4级,,,
2014/8/31,24,29,阵雨~中雨,东风~东南风,3-4级,,,
2014/9/1,24,30,阴,西风,4-5级~3-4级,,,
2014/9/2,24,31,多云~中雨,西风,3-4级,,,
2014/9/3,21,25,小到中雨~多云,西北风~西风,4-5级~3-4级,,,
2014/9/4,23,28,多云,西北风~东风,3-4级,,,
2014/9/5,24,30,多云~阵雨,东风,3-4级,,,
2014/9/6,23,30,多云,东北风,3-4级,,,
2014/9/7,23,29,多云,东北风,3-4级,,,
2014/9/8,23,29,多云,东北风~东风,3-4级,,,
2014/9/9,24,29,多云~小雨,东风,3-4级,,,
2014/9/10,23,29,小雨~阴,东风,3-4级,,,
2014/9/11,23,28,多云~小雨,东北风~东风,3-4级,,,
2014/9/12,23,27,阵雨~大雨,东风,4-5级~3-4级,,,
2014/9/13,22,25,小雨,东北风,4-5级,,,
2014/9/14,23,28,阴~多云,东北风,3-4级,,,
2014/9/15,23,28,多云,东北风,3-4级,,,
2014/9/16,23,27,阴,东风,3-4级,,,
2014/9/17,22,28,阴~阵雨,东风,3-4级,,,
2014/9/18,20,23,大雨~中雨,东风~东北风,3-4级,,,
2014/9/19,19,21,小雨,东北风,3-4级,,,
2014/9/20,21,27,多云,北风~东北风,3-4级,,,
2014/9/21,23,27,多云~小雨,东北风,4-5级,,,
2014/9/22,22,25,中雨~大雨,东北风,6-7级~5-6级,,,
2014/9/23,22,26,中雨~小雨,东北风~东南风,6-7级~5-6级,,,
2014/9/24,21,25,小雨~多云,西北风,4-5级~3-4级,,,
2014/9/25,21,27,多云,北风~东北风,3-4级,,,
2014/9/26,23,28,多云,东南风,3-4级,,,
2014/9/27,23,28,多云,东南风,3-4级,,,
2014/9/28,24,29,晴~阴,东南风~南风,3-4级,,,
2014/9/29,21,31,雷雨~阵雨,西南风~西北风,3-4级~4-5级,,,
2014/9/30,19,23,小雨~多云,北风~东北风,4-5级~3-4级,,,
2014/10/1,18,25,多云,北风~东北风,3-4级,,,
2014/10/2,20,26,多云,西北风~北风,3-4级,,,
2014/10/3,18,26,多云,北风,3-4级~4-5级,,,
2014/10/4,19,26,晴,北风,4-5级,,,
2014/10/5,18,27,晴,北风,4-5级,,,
2014/10/6,17,24,多云,北风,4-5级~3-4级,,,
2014/10/7,18,24,多云,北风~东北风,3-4级,,,
2014/10/8,18,25,多云,东北风,3-4级,,,
2014/10/9,20,25,多云,东北风,3-4级,,,
2014/10/10,21,26,多云,东北风,3-4级,,,
2014/10/11,20,26,多云,东北风,3-4级~4-5级,,,
2014/10/12,17,25,阴,北风,5-6级,,,
2014/10/13,14,21,多云,西北风,5-6级~4-5级,,,
2014/10/14,13,21,晴,西北风,3-4级,,,
2014/10/15,15,22,晴~多云,西风,微风,,,
2014/10/16,17,24,多云,北风~东北风,微风,,,
2014/10/17,17,24,多云~晴,东南风,微风,,,
2014/10/18,19,25,晴~多云,东南风,3-4级,,,
2014/10/19,20,27,多云~晴,东南风,3-4级,,,
2014/10/20,20,28,多云~晴,南风,微风,,,
2014/10/21,18,26,阵雨~阴,北风,3-4级,,,
2014/10/22,15,23,晴,北风~东北风,3-4级~微风,,,
2014/10/23,16,23,晴,东北风~东南风,微风,,,
2014/10/24,17,25,晴,东南风,微风,,,
2014/10/25,18,25,晴,东南风,微风,,,
2014/10/26,17,27,晴~多云,东南风~东北风,微风,,,
2014/10/27,16,21,多云,东北风,3-4级~微风,,,
2014/10/28,17,21,多云~阴,东风,微风,,,
2014/10/29,19,22,小雨,东风~东南风,微风,,,
2014/10/30,19,21,中雨,东南风,微风,,,
2014/10/31,19,22,小雨~阴,西风~西北风,微风,,,
2014/11/1,15,21,小雨,西北风,微风~3-4级,,,
2014/11/2,11,18,阴~多云,西北风,3-4级~微风,,,
2014/11/3,11,17,晴,西北风~东北风,微风,,,
2014/11/4,13,18,晴,东北风~东风,微风~3-4级,,,
2014/11/5,16,21,多云~阴,东南风~北风,微风,,,
2014/11/6,14,21,多云,北风~东北风,3-4级,,,
2014/11/7,13,19,多云~小雨,东北风,微风,,,
2014/11/8,13,15,小雨,东北风,3-4级,,,
2014/11/9,14,18,多云~阴,东北风,微风,,,
2014/11/10,13,18,多云,东北风,微风,,,
2014/11/11,12,18,多云,西北风,微风~3-4级,,,
2014/11/12,9,18,晴~多云,西北风,3-4级,,,
2014/11/13,8,14,多云~晴,西北风,微风,,,
2014/11/14,10,16,晴,东北风~东风,微风,,,
2014/11/15,14,17,多云~小雨,东风,微风,,,
2014/11/16,10,16,阴~多云,西北风,微风,,,
2014/11/17,10,15,晴~多云,西北风,3-4级,,,
2014/11/18,10,15,多云,北风~东北风,微风,,,
2014/11/19,12,17,多云,东北风~东风,微风,,,
2014/11/20,13,19,晴,东南风,微风,,,
2014/11/21,15,21,晴~多云,东南风~东风,微风,,,
2014/11/22,16,20,多云~小雨,东风,微风,,,
2014/11/23,16,21,多云~阴,东南风,微风,,,
2014/11/24,12,23,阵雨~小雨,南风~北风,微风,,,
2014/11/25,11,15,小雨~阴,北风,微风,,,
2014/11/26,11,17,晴,北风~东南风,微风,,,
2014/11/27,12,18,多云~小雨,东南风,3-4级,,,
2014/11/28,13,17,阴~小雨,西北风~东北风,3-4级~微风,,,
2014/11/29,14,17,小雨~中雨,东风~东南风,微风~3-4级,,,
2014/11/30,7,16,阴~小雨,西北风,3-4级~4-5级,,,
2014/12/1,2,10,多云~晴,西北风,3-4级,,,
2014/12/2,2,9,晴,北风,微风,,,
2014/12/3,2,9,小雨,东北风~西北风,微风~3-4级,,,
2014/12/4,1,7,晴,西北风,3-4级,,,
2014/12/5,1,7,晴,西北风,3-4级,,,
2014/12/6,3,10,晴~多云,西北风~东南风,微风,,,
2014/12/7,5,13,阴~多云,东南风~西北风,微风,,,
2014/12/8,6,9,晴~多云,北风,3-4级,,,
2014/12/9,9,12,多云~小雨,东北风~东风,微风,,,
2014/12/10,7,13,小雨,西北风,3-4级,,,
2014/12/11,3,9,多云,西北风,3-4级,,,
2014/12/12,1,8,晴,西北风,3-4级~微风,,,
2014/12/13,2,7,晴,西北风,微风,,,
2014/12/14,3,10,晴~多云,西风~东南风,微风,,,
2014/12/15,3,12,多云,西北风,微风~3-4级,,,
2014/12/16,-1,6,晴,西北风,4-5级~3-4级,,,
2014/12/17,0,6,晴,西北风,3-4级~微风,,,
2014/12/18,3,9,晴~多云,东北风~东南风,微风,,,
2014/12/19,4,11,阴~多云,西南风~西北风,微风,,,
2014/12/20,2,9,晴,西北风~北风,微风,,,
2014/12/21,0,6,多云~晴,西北风,微风,,,
2014/12/22,1,7,晴,西北风~东南风,微风,,,
2014/12/23,4,12,晴~多云,东南风~西北风,微风,,,
2014/12/24,6,12,晴~多云,西北风~北风,微风,,,
2014/12/25,5,9,多云~阴,东北风,微风,,,
2014/12/26,6,10,多云~阴,东北风,微风,,,
2014/12/27,6,11,多云~阴,东北风,微风,,,
2014/12/28,5,11,多云~晴,西风~西北风,微风,,,
2014/12/29,5,12,晴,西风,微风,,,
2014/12/30,6,15,晴,西风,微风,,,
2014/12/31,0,11,晴,西北风,4-5级~3-4级,,,
2015/1/1,-1,4,晴,西北风,3-4级~微风,,,
2015/1/2,0,8,晴~多云,西风~西南风,微风,,,
2015/1/3,4,11,多云~晴,南风,微风,,,
2015/1/4,5,16,晴,西南风~东南风,微风,,,
2015/1/5,9,19,多云~小雨,南风~西北风,微风,,,
2015/1/6,3,9,小雨,北风,微风,,,
2015/1/7,2,7,多云~晴,西北风,微风,,,
2015/1/8,1,8,晴~多云,西北风,微风,,,
2015/1/9,3,11,晴,西风~西北风,微风,,,
2015/1/10,5,13,多云~晴,西风,微风,,,
2015/1/11,5,13,晴~多云,北风~东北风,微风,,,
2015/1/12,6,9,多云~阴,东北风,微风,,,
2015/1/13,7,10,小雨~中雨,东北风,微风,,,
2015/1/14,6,9,小雨~阴,北风,微风,,,
2015/1/15,4,9,小雨~多云,西北风,微风,,,
2015/1/16,4,10,多云,西北风~北风,微风,,,
2015/1/17,3,7,多云,北风~东北风,微风,,,
2015/1/18,3,10,多云~晴,西风~西北风,微风,,,
2015/1/19,4,10,晴~多云,西北风~东北风,微风,,,
2015/1/20,7,11,阴~小雨,东南风~南风,微风,,,
2015/1/21,3,14,多云,西风~西北风,微风,,,
2015/1/22,2,8,阴~多云,西北风,微风,,,
2015/1/23,4,10,晴,东南风,微风,,,
2015/1/24,7,15,多云,东南风,微风,,,
2015/1/25,8,15,小雨,西北风,微风,,,
2015/1/26,5,11,小雨,北风,微风,,,
2015/1/27,3,7,小雨~雨夹雪,东北风,3-4级,,,
2015/1/28,3,5,雨夹雪~小雨,东北风,微风,,,
2015/1/29,2,6,小雨,东北风~北风,微风,,,
2015/1/30,2,5,阴~多云,北风,3-4级~微风,,,
2015/1/31,3,6,多云~阴,西北风~北风,微风,,,
2015/2/1,4,7,阴~小雨,东北风,微风,,,
2015/2/2,5,8,小雨,东北风,微风,,,
2015/2/3,4,8,阴,北风~西北风,微风,,,
2015/2/4,2,9,多云~晴,西北风,微风~3-4级,,,
2015/2/5,1,6,晴,西北风,微风,,,
2015/2/6,2,8,多云~晴,西南风~东南风,微风,,,
2015/2/7,3,11,多云~阴,西风~北风,微风~3-4级,,,
2015/2/8,-1,5,多云,北风,3-4级~微风,,,
2015/2/9,0,5,晴,北风,微风,,,
2015/2/10,2,10,晴~多云,南风,微风,,,
2015/2/11,4,15,晴~多云,西风~西北风,微风,,,
2015/2/12,5,12,晴~多云,西北风~东风,微风,,,
2015/2/13,6,13,晴~多云,东南风,微风,,,
2015/2/14,8,17,多云~小雨,东南风~南风,微风,,,
2015/2/15,12,17,小雨,南风~西风,微风,,,
2015/2/16,6,14,多云~晴,西北风,微风,,,
2015/2/17,5,14,晴,东北风,微风,,,
2015/2/18,4,12,晴,北风,微风,,,
2015/2/19,5,11,晴~多云,东北风~东南风,微风,,,
2015/2/20,10,12,小雨~中雨,东南风~南风,3-4级,,,
2015/2/21,8,11,小雨~阴,西北风,微风,,,
2015/2/22,6,10,多云~小雨,西北风~东北风,微风,,,
2015/2/23,5,10,阴~小雨,东北风~东风,微风,,,
2015/2/24,7,11,小雨,东风~东南风,微风,,,
2015/2/25,7,10,小雨,东风~东北风,微风,,,
2015/2/26,6,11,阴~小雨,东北风,微风,,,
2015/2/27,4,7,中雨,东北风~东风,3-4级,,,
2015/2/28,3,7,中雨~小雨,东北风,微风,,,
2015/3/1,4,9,多云,西北风,微风,,,
2015/3/2,5,12,多云~小雨,东南风,微风,,,
2015/3/3,4,13,多云~阴,西北风~北风,3-4级~微风,,,
2015/3/4,3,8,阴~雨夹雪,北风~东北风,微风,,,
2015/3/5,4,7,雨夹雪~小雨,东北风,微风,,,
2015/3/6,5,9,阴,东北风,微风,,,
2015/3/7,7,10,多云~阴,东北风~东风,微风,,,
2015/3/8,8,11,小雨,东南风~北风,微风,,,
2015/3/9,2,11,阴~多云,北风,3-4级,,,
2015/3/10,2,7,多云,北风,微风,,,
2015/3/11,4,10,多云,东南风~南风,微风,,,
2015/3/12,7,16,晴,南风,微风,,,
2015/3/13,9,20,晴~多云,南风,微风,,,
2015/3/14,10,15,小雨~中雨,东北风~东风,微风,,,
2015/3/15,10,13,小雨,东风,微风,,,
2015/3/16,12,15,小雨~多云,东南风,微风,,,
2015/3/17,13,20,小雨~中雨,东南风~南风,微风,,,
2015/3/18,11,18,小雨,西北风,微风,,,
2015/3/19,10,16,阴~小雨,北风~东北风,微风,,,
2015/3/20,9,13,小雨,东北风,微风,,,
2015/3/21,11,20,多云,西北风,微风,,,
2015/3/22,10,20,晴~多云,东风,微风,,,
2015/3/23,9,15,多云,东风,微风,,,
2015/3/24,9,16,晴~多云,东风,微风,,,
2015/3/25,9,16,晴~多云,东风,微风,,,
2015/3/26,10,17,多云~小雨,东风,微风,,,
2015/3/27,9,13,小雨~多云,东北风,微风,,,
2015/3/28,12,19,多云,南风,微风,,,
2015/3/29,13,24,多云~中雨,南风~东南风,微风,,,
2015/3/30,14,17,小雨~阴,东南风~南风,3-4级~微风,,,
2015/3/31,17,28,多云,南风~东南风,微风,,,
2015/4/1,16,26,多云~阴,东风~南风,微风~3-4级,,,
2015/4/2,15,31,中雨~小雨,南风~西北风,3-4级~微风,,,
2015/4/3,13,16,小雨,东北风~东风,微风,,,
2015/4/4,13,18,阵雨,东南风~北风,微风,,,
2015/4/5,11,16,中雨,东北风,微风,,,
2015/4/6,8,13,小雨,东北风~北风,3-4级,,,
2015/4/7,6,10,小雨,东北风,微风,,,
2015/4/8,7,13,多云,东北风,微风,,,
2015/4/9,9,15,多云,东风,微风,,,
2015/4/10,10,17,多云,东北风,微风,,,
2015/4/11,11,19,晴~多云,东风,微风,,,
2015/4/12,10,20,多云~阵雨,南风~西北风,微风,,,
2015/4/13,8,15,小雨,西北风,3-4级,,,
2015/4/14,9,14,阴~多云,西北风~西南风,4-5级~微风,,,
2015/4/15,15,23,晴~多云,西南风,微风,,,
2015/4/16,13,23,多云,西北风~东北风,微风,,,
2015/4/17,15,20,多云~阴,东南风,3-4级~微风,,,
2015/4/18,18,26,多云~阵雨,南风,微风,,,
2015/4/19,14,24,阵雨~大雨,南风~北风,微风~3-4级,,,
2015/4/20,10,15,小雨~多云,北风,3-4级~微风,,,
2015/4/21,12,20,晴,东北风~东南风,微风,,,
2015/4/22,14,25,晴~多云,西南风~南风,微风,,,
2015/4/23,14,25,多云,东南风,微风,,,
2015/4/24,14,23,多云,东南风,微风,,,
2015/4/25,15,27,晴,东南风,微风,,,
2015/4/26,17,27,晴~多云,东南风,微风,,,
2015/4/27,19,26,多云,东南风,微风,,,
2015/4/28,20,31,多云~雷雨,南风~西北风,微风,,,
2015/4/29,15,22,阴~多云,西北风~北风,微风,,,
2015/4/30,17,26,晴~多云,北风~东北风,微风,,,
2015/5/1,17,25,多云~阴,东南风,微风,,,
2015/5/2,16,24,大雨~小雨,东南风~西北风,3-4级,,,
2015/5/3,15,23,多云,西北风~北风,微风,,,
2015/5/4,15,25,多云,北风~东北风,微风,,,
2015/5/5,16,24,晴~阴,东南风,微风,,,
2015/5/6,17,23,阴,东南风,微风,,,
2015/5/7,17,27,晴~多云,东南风,微风,,,
2015/5/8,17,25,阵雨~小雨,东南风,微风,,,
2015/5/9,16,21,阴~多云,东北风~东风,微风,,,
2015/5/10,17,24,多云~小雨,东南风,微风,,,
2015/5/11,15,21,中雨~多云,南风~西北风,3-4级,,,
2015/5/12,17,27,晴,西风~西南风,3-4级~微风,,,
2015/5/13,21,30,晴~多云,南风,微风,,,
2015/5/14,20,27,阵雨,西南风,微风,,,
2015/5/15,18,27,大雨~小雨,西南风~东北风,微风,,,
2015/5/16,16,24,多云,东北风~东风,微风,,,
2015/5/17,18,25,多云~阵雨,东风~东南风,微风,,,
2015/5/18,20,24,阵雨~阴,南风~东北风,微风,,,
2015/5/19,17,28,多云,东南风,微风,,,
2015/5/20,17,26,多云,东北风~东风,微风,,,
2015/5/21,17,25,晴,东风,微风,,,
2015/5/22,19,26,晴~阴,东南风,微风,,,
2015/5/23,19,24,阴~多云,东风,微风,,,
2015/5/24,18,24,阴~多云,东南风,微风,,,
2015/5/25,19,27,多云~晴,东风~东南风,微风,,,
2015/5/26,20,26,多云~阴,东南风,微风,,,
2015/5/27,20,24,阵雨,东南风,微风,,,
2015/5/28,21,25,阴~小雨,东北风~东风,微风,,,
2015/5/29,20,24,小雨~中雨,东南风,微风,,,
2015/5/30,19,25,阴~多云,东北风,微风,,,
2015/5/31,20,27,多云~晴,东风~东南风,微风,,,
2015/6/1,22,29,晴~阵雨,东南风,微风,,,
2015/6/2,21,25,暴雨~大雨,南风~北风,微风,,,
2015/6/3,20,25,阴~多云,东北风,微风,,,
2015/6/4,19,26,多云~小雨,东南风~南风,微风,,,
2015/6/5,20,28,多云~晴,西风~南风,微风,,,
2015/6/6,22,30,晴~多云,南风~东南风,微风,,,
2015/6/7,21,26,阵雨~大雨,东南风,微风,,,
2015/6/8,20,24,中雨~小雨,东北风,微风,,,
2015/6/9,21,25,阴~阵雨,东风~东南风,微风,,,
2015/6/10,23,26,小雨~阴,东南风~西南风,微风,,,
2015/6/11,23,31,多云,西南风,微风,,,
2015/6/12,24,34,多云,西南风,微风,,,
2015/6/13,24,31,多云~阴,西南风,微风,,,
2015/6/14,23,30,阴~中雨,西南风~南风,微风,,,
2015/6/15,22,27,小雨~中雨,东风~东北风,微风,,,
2015/6/16,21,23,大雨~暴雨,东风,微风,,,
2015/6/17,20,24,大雨~阴,北风~东北风,微风,,,
2015/6/18,20,24,小雨~多云,东北风,微风,,,
2015/6/19,21,28,多云,东北风~东南风,微风,,,
2015/6/20,22,29,多云~阴,东南风,微风,,,
2015/6/21,21,27,小雨,东南风,微风,,,
2015/6/22,21,24,小雨~阴,东风,微风,,,
2015/6/23,24,29,阴~阵雨,东北风~东风,微风,,,
2015/6/24,25,31,中雨~小雨,东风~东南风,微风,,,
2015/6/25,24,35,阵雨~中雨,西南风~西风,微风,,,
2015/6/26,24,26,中雨~大雨,北风~东风,微风,,,
2015/6/27,22,24,大雨,东风,微风,,,
2015/6/28,21,24,大雨~阵雨,东风,微风,,,
2015/6/29,22,27,阵雨~阴,东南风~南风,微风,,,
2015/6/30,22,33,雷雨~中雨,西南风~西北风,微风,,,
2015/7/1,19,25,小雨~阴,北风~东风,微风,,,
2015/7/2,22,29,多云,东南风,微风,,,
2015/7/3,22,30,多云~阴,东风,微风,,,
2015/7/4,21,24,阵雨~阴,东风,微风,,,
2015/7/5,20,24,阵雨,东风,微风,,,
2015/7/6,19,22,中雨,东北风,微风,,,
2015/7/7,20,23,小雨,东北风,微风,,,
2015/7/8,22,26,小雨~阴,东北风,微风,,,
2015/7/9,23,28,阴,东北风,微风,,,
2015/7/10,24,29,阴~中雨,东北风,4-5级~5-6级,,,
2015/7/11,24,25,暴雨~中雨,东北风,5-6级~4-5级,,,
2015/7/12,24,27,小雨~多云,西北风~西风,4-5级~微风,,,
2015/7/13,25,33,多云,西风~南风,微风,,,
2015/7/14,24,34,多云,东南风,微风,,,
2015/7/15,24,32,多云,东风,微风,,,
2015/7/16,24,30,多云~阴,东风,微风,,,
2015/7/17,24,28,阴~小雨,东南风,微风,,,
2015/7/18,24,28,阵雨,东南风,微风,,,
2015/7/19,25,31,多云~阴,东南风~东风,微风,,,
2015/7/20,26,31,多云,东风,微风,,,
2015/7/21,26,31,多云~阴,东北风,微风,,,
2015/7/22,26,30,阵雨,东风,微风,,,
2015/7/23,26,31,小雨~阴,南风,微风,,,
2015/7/24,27,33,中雨~阴,南风,微风,,,
2015/7/25,27,34,阵雨~多云,南风,微风,,,
2015/7/26,27,35,雷阵雨~多云,南风,微风,,,
2015/7/27,28,36,雷阵雨~多云,西南风~南风,微风,,,
2015/7/28,30,38,晴,西南风,微风,,,
2015/7/29,30,38,晴,西南风~南风,微风,,,
2015/7/30,29,37,多云~晴,西南风,微风,,,
2015/7/31,29,37,晴,西南风~南风,微风,,,
2015/8/1,29,38,晴,南风,微风,,,
2015/8/2,29,38,晴,西南风~南风,微风,,,
2015/8/3,28,38,晴,南风,微风~3-4级,,,
2015/8/4,28,38,晴,南风,微风,,,
2015/8/5,27,37,晴~多云,东南风,微风,,,
2015/8/6,27,36,晴~多云,东南风,微风,,,
2015/8/7,28,34,阵雨,东风,3-4级,,,
2015/8/8,27,32,阵雨,东风~东南风,3-4级~4-5级,,,
2015/8/9,28,31,中雨~阵雨,东风~东南风,3-4级,,,
2015/8/10,27,30,中雨,东南风~南风,微风,,,
2015/8/11,24,29,阵雨,南风~西风,微风,,,
2015/8/12,25,30,多云,北风~东南风,微风,,,
2015/8/13,25,32,多云,东南风,微风,,,
2015/8/14,25,32,多云~小雨,东南风,微风,,,
2015/8/15,26,31,阴~阵雨,东风,微风,,,
2015/8/16,25,29,阵雨~多云,东北风,微风,,,
2015/8/17,25,31,多云,东北风,微风,,,
2015/8/18,25,31,多云,东风,微风,,,
2015/8/19,26,33,多云,东风~东南风,微风,,,
2015/8/20,25,32,小雨,南风~西北风,微风,,,
2015/8/21,24,29,阵雨~中雨,东北风,微风,,,
2015/8/22,22,25,中雨,北风~东北风,微风,,,
2015/8/23,23,26,大雨~中雨,东北风,微风~3-4级,,,
2015/8/24,23,26,暴雨~小雨,东北风~北风,3-4级~微风,,,
2015/8/25,23,29,多云,西北风,微风,,,
2015/8/26,24,29,多云,西风,微风,,,
2015/8/27,24,31,雷阵雨,西风,微风,,,
2015/8/28,24,31,多云,东风~东北风,微风,,,
2015/8/29,23,30,多云,东北风~东风,微风,,,
2015/8/30,23,30,多云,东北风,微风,,,
2015/8/31,24,30,多云,东北风,微风,,,
2015/9/1,24,31,阵雨,东风,微风,,,
2015/9/2,24,30,多云,西北风,微风,,,
2015/9/3,24,31,多云,西北风,微风,,,
2015/9/4,24,31,多云~大雨,东南风~西南风,微风~3-4级,,,
2015/9/5,24,28,中雨~阴,西南风~西北风,4-5级~3-4级,,,
2015/9/6,23,29,多云~阵雨,西北风~北风,微风,,,
2015/9/7,23,29,阴~多云,东北风,微风,,,
2015/9/8,22,29,多云,东北风,微风,,,
2015/9/9,22,29,晴~多云,东北风,微风,,,
2015/9/10,22,29,晴,北风,微风,,,
2015/9/11,22,30,多云~小雨,西北风,微风,,,
2015/9/12,20,25,小雨~多云,西北风,微风,,,
2015/9/13,21,26,多云~阴,东北风~东风,微风,,,
2015/9/14,22,27,多云~阵雨,东风,微风,,,
2015/9/15,20,23,阵雨,东北风,微风,,,
2015/9/16,20,26,小雨~多云,东北风,微风,,,
2015/9/17,21,28,多云,东北风,微风,,,
2015/9/18,21,27,多云,东北风,微风,,,
2015/9/19,21,28,多云,东北风,微风,,,
2015/9/20,21,27,阴~多云,东北风,微风,,,
2015/9/21,22,29,多云,东风,微风,,,
2015/9/22,22,28,小雨~中雨,东风~东南风,微风,,,
2015/9/23,21,25,小雨~多云,西北风,微风,,,
2015/9/24,22,27,多云~小雨,西北风~北风,微风,,,
2015/9/25,22,27,阴~多云,北风,微风,,,
2015/9/26,21,29,多云,东北风,微风,,,
2015/9/27,22,28,晴~多云,东北风,微风~3-4级,,,
2015/9/28,23,28,小雨~中雨,东北风,3-4级,,,
2015/9/29,22,24,中雨~小雨,东风,4-5级,,,
2015/9/30,24,29,阵雨~中雨,南风~西南风,3-4级,,,
2015/10/1,17,25,小雨~多云,西北风,4-5级~3-4级,,,
2015/10/2,18,25,晴,东南风~南风,微风,,,
2015/10/3,20,27,晴~多云,东南风~东风,微风,,,
2015/10/4,20,25,阵雨~中雨,东风,微风,,,
2015/10/5,18,21,小雨,东风,微风,,,
2015/10/6,20,24,阴,东风,微风,,,
2015/10/7,20,24,小雨,东南风,微风,,,
2015/10/8,18,22,小雨,东北风,微风,,,
2015/10/9,17,24,阴~多云,北风~西风,微风,,,
2015/10/10,13,24,多云~晴,西风~西北风,微风~3-4级,,,
2015/10/11,13,21,晴,西北风,微风,,,
2015/10/12,15,23,晴,西北风~北风,微风,,,
2015/10/13,16,24,晴,西北风~东风,微风,,,
2015/10/14,17,24,多云~晴,东南风,微风,,,
2015/10/15,18,26,晴,东南风,微风,,,
2015/10/16,18,26,晴,东北风,微风,,,
2015/10/17,18,25,晴~多云,东北风,微风,,,
2015/10/18,18,24,多云,东北风,微风,,,
2015/10/19,18,25,多云,东北风,微风,,,
2015/10/20,19,24,多云,东北风,微风,,,
2015/10/21,19,26,晴~多云,东北风,微风,,,
2015/10/22,20,26,晴~多云,东北风,微风,,,
2015/10/23,20,26,多云,东北风~东风,微风,,,
2015/10/24,19,25,多云,东北风,微风,,,
2015/10/25,18,24,多云,东北风,微风,,,
2015/10/26,17,25,多云~阵雨,东南风~西北风,微风~3-4级,,,
2015/10/27,14,20,多云~晴,西北风,3-4级~微风,,,
2015/10/28,15,21,多云~小雨,北风~东南风,微风,,,
2015/10/29,15,17,小雨,东北风,微风~3-4级,,,
2015/10/30,15,19,阴,北风,3-4级~微风,,,
2015/10/31,13,18,阴~小雨,东北风,微风,,,
2015/11/1,11,15,小雨~多云,北风~西北风,微风,,,
2015/11/2,12,18,晴~多云,西北风~东北风,微风,,,
2015/11/3,12,20,多云,东风~东南风,微风,,,
2015/11/4,17,21,小雨,东南风,微风,,,
2015/11/5,19,24,多云~小雨,东风~东南风,微风,,,
2015/11/6,19,24,小雨,东南风~南风,微风,,,
2015/11/7,17,24,雷阵雨~阵雨,西南风~西北风,微风,,,
2015/11/8,13,16,小雨,西北风,微风,,,
2015/11/9,12,15,阴~多云,西北风,微风,,,
2015/11/10,11,16,多云~阴,西北风~北风,微风,,,
2015/11/11,13,17,阴,东北风,微风,,,
2015/11/12,15,18,小雨,北风~西北风,微风,,,
2015/11/13,14,17,阴,西北风,微风,,,
2015/11/14,12,17,阴~多云,西北风,微风,,,
2015/11/15,13,19,多云~阵雨,东南风~南风,微风~3-4级,,,
2015/11/16,16,21,小雨,南风~北风,微风,,,
2015/11/17,14,17,小雨,东北风,微风,,,
2015/11/18,14,17,小雨,北风,微风,,,
2015/11/19,13,16,小雨,北风,微风,,,
2015/11/20,14,17,小雨,东北风,微风,,,
2015/11/21,15,18,阵雨,东风~东北风,微风,,,
2015/11/22,16,19,阵雨,东风,微风,,,
2015/11/23,14,18,小雨,北风~东北风,微风~3-4级,,,
2015/11/24,7,15,小雨,东北风~北风,3-4级,,,
2015/11/25,3,10,多云~晴,西北风,微风,,,
2015/11/26,0,5,多云~晴,西北风,3-4级,,,
2015/11/27,0,6,晴~多云,西北风~西风,微风,,,
2015/11/28,7,12,阴~小雨,南风,微风,,,
2015/11/29,8,14,小雨~多云,南风~东北风,微风,,,
2015/11/30,9,15,多云,北风~东风,微风,,,
2015/12/1,11,18,多云~小雨,东南风~西北风,微风~3-4级,,,
2015/12/2,6,14,小雨~多云,西北风,3-4级,,,
2015/12/3,3,12,晴,西北风,3-4级~微风,,,
2015/12/4,4,10,多云~阴,西北风,微风,,,
2015/12/5,3,9,小雨,西风~西北风,微风,,,
2015/12/6,5,9,阴~多云,北风,微风,,,
2015/12/7,5,13,多云~晴,北风~东北风,微风,,,
2015/12/8,8,14,多云~阴,东北风~东风,微风,,,
2015/12/9,12,15,小雨~中雨,东风~东北风,微风,,,
2015/12/10,11,13,小雨,西北风~北风,微风~3-4级,,,
2015/12/11,6,12,阴,北风,微风,,,
2015/12/12,6,11,晴~多云,北风,微风,,,
2015/12/13,7,12,小雨,西北风,微风,,,
2015/12/14,6,10,多云,西北风,微风,,,
2015/12/15,3,10,多云,西北风,微风~3-4级,,,
2015/12/16,0,7,多云,西北风,3-4级,,,
2015/12/17,1,5,多云,西北风,微风,,,
2015/12/18,1,8,晴~多云,北风,微风,,,
2015/12/19,6,11,多云~阴,东北风~东风,微风,,,
2015/12/20,7,12,小雨,东风~西北风,微风,,,
2015/12/21,6,11,多云~阴,东北风~东风,微风,,,
2015/12/22,9,14,阴~小雨,东风~西北风,微风,,,
2015/12/23,8,11,阴~小雨,西北风~北风,微风,,,
2015/12/24,7,12,小雨~阴,东北风~北风,微风,,,
2015/12/25,5,11,多云,西北风~西南风,微风,,,
2015/12/26,5,13,晴~多云,西南风~西风,微风,,,
2015/12/27,5,12,阴~多云,北风,微风,,,
2015/12/28,4,8,多云~晴,东北风,微风,,,
2015/12/29,4,9,多云,北风~东北风,微风,,,
2015/12/30,4,12,多云,西北风,微风,,,
2015/12/31,3,10,晴,北风~东北风,微风,,,
2016/1/1,4,12,晴~多云,东南风,微风,89,2,良
2016/1/2,9,16,多云~小雨,西南风,微风,167,4,中度污染
2016/1/3,10,15,小雨,东南风,微风,210,5,重度污染
2016/1/4,9,15,小雨~中雨,东北风,微风,144,3,轻度污染
2016/1/5,7,10,小雨,东北风,3-4级,46,1,优
2016/1/6,5,9,小雨~多云,东北风,微风,81,2,良
2016/1/7,4,9,阴~多云,北风,微风,110,3,轻度污染
2016/1/8,3,8,多云,西北风,微风,126,3,轻度污染
2016/1/9,4,9,多云~阴,东风,微风,149,3,轻度污染
2016/1/10,7,10,小雨~中雨,东风,微风,78,2,良
2016/1/11,4,8,小雨,东北风,3-4级,47,1,优
2016/1/12,1,6,阴~多云,北风,微风,67,2,良
2016/1/13,0,5,多云,西北风,微风,189,4,中度污染
2016/1/14,1,7,多云,西风,微风,229,5,重度污染
2016/1/15,4,10,晴~多云,西风,微风,180,4,中度污染
2016/1/16,4,10,多云~小雨,东风,微风,157,4,中度污染
2016/1/17,3,8,小雨~多云,北风,3-4级,169,4,中度污染
2016/1/18,-1,5,多云~晴,西北风,3-4级,128,3,轻度污染
2016/1/19,-1,4,晴~多云,北风,微风,71,2,良
2016/1/20,1,5,阴~雨夹雪,东北风,微风,31,1,优
2016/1/21,2,4,雨夹雪,东北风,微风,34,1,优
2016/1/22,1,5,小雨~雨夹雪,东北风,3-4级,76,2,良
2016/1/23,-7,0,多云~晴,西北风,4-5级,58,2,良
2016/1/24,-7,-4,晴,西北风,4-5级,59,2,良
2016/1/25,-6,2,晴,西风,3-4级,67,2,良
2016/1/26,-2,6,晴~阴,西南风,微风,96,2,良
2016/1/27,4,7,小雨~中雨,东风,微风,48,1,优
2016/1/28,6,9,小雨~中雨,北风,微风,48,1,优
2016/1/29,4,8,小雨,东北风,3-4级,47,1,优
2016/1/30,3,7,小雨~阴,北风,微风,56,2,良
2016/1/31,1,5,雨夹雪,北风,微风,77,2,良
2016/2/1,0,4,阴~多云,北风,微风,67,2,良
2016/2/2,0,4,晴~多云,北风,微风,113,3,轻度污染
2016/2/3,1,7,晴~多云,北风,微风,85,2,良
2016/2/4,1,6,阴~多云,东北风,微风,51,2,良
2016/2/5,1,8,晴~多云,北风,微风,162,4,中度污染
2016/2/6,-1,6,多云~晴,西北风,3-4级,92,2,良
2016/2/7,2,9,晴~多云,西风,微风,82,2,良
2016/2/8,3,13,晴,西南风,微风,122,3,轻度污染
2016/2/9,8,17,晴,东南风,微风,101,3,轻度污染
2016/2/10,11,18,多云~小雨,东南风,3-4级,59,2,良
2016/2/11,14,18,阵雨~阴,东南风,3-4级,38,1,优
2016/2/12,14,22,多云~小雨,东南风,微风,38,1,优
2016/2/13,3,19,阵雨~小雨,西风,3-4级,74,2,良
2016/2/14,-1,6,阴~多云,西北风,3-4级,50,1,优
2016/2/15,0,6,晴,西北风,微风,44,1,优
2016/2/16,2,10,晴~多云,西风,微风,52,2,良
2016/2/17,5,11,晴~多云,东南风,微风,76,2,良
2016/2/18,6,15,晴~多云,南风,微风,92,2,良
2016/2/19,5,12,小雨~多云,东北风,微风,96,2,良
2016/2/20,3,11,晴,西北风,3-4级,114,3,轻度污染
2016/2/21,6,10,多云~小雨,东风,微风,81,2,良
2016/2/22,5,8,中雨~小雨,东南风,微风,61,2,良
2016/2/23,3,10,阴~多云,北风,3-4级,57,2,良
2016/2/24,2,9,晴,东北风,微风,64,2,良
2016/2/25,4,11,晴~多云,东南风,微风,61,2,良
2016/2/26,7,15,多云,南风,微风,98,2,良
2016/2/27,8,18,晴~多云,南风,微风,87,2,良
2016/2/28,5,21,多云,西北风,3-4级,91,2,良
2016/2/29,2,10,晴,北风,微风,83,2,良
2016/3/1,5,12,晴~多云,东风,微风,51,2,良
2016/3/2,8,16,多云,东南风,微风,91,2,良
2016/3/3,12,21,多云,东南风,微风,99,2,良
2016/3/4,14,22,小雨~多云,东南风,微风,54,2,良
2016/3/5,10,23,阵雨,西风,微风,100,2,良
2016/3/6,9,16,多云,东北风,微风,123,3,轻度污染
2016/3/7,10,21,多云~小雨,东南风,微风,103,3,轻度污染
2016/3/8,5,11,中雨,东北风,4-5级,33,1,优
2016/3/9,4,7,小雨~阴,北风,4-5级,43,1,优
2016/3/10,2,8,小雨~多云,北风,3-4级,41,1,优
2016/3/11,4,9,晴~多云,西北风,微风,74,2,良
2016/3/12,7,12,多云~小雨,东南风,3-4级,108,3,轻度污染
2016/3/13,6,11,小雨~阴,东北风,微风,82,2,良
2016/3/14,5,12,晴~多云,北风,微风,88,2,良
2016/3/15,7,12,多云~阴,东南风,微风,66,2,良
2016/3/16,10,17,多云,东南风,微风,62,2,良
2016/3/17,13,18,小雨,东南风,微风,56,2,良
2016/3/18,12,20,小雨,西北风,微风,126,3,轻度污染
2016/3/19,9,16,小雨~多云,东北风,微风,53,2,良
2016/3/20,9,17,多云,东北风,微风,72,2,良
2016/3/21,10,15,多云~阴,东风,微风,75,2,良
2016/3/22,10,15,小雨,东风,微风,57,2,良
2016/3/23,6,12,阴~多云,东北风,3-4级,55,2,良
2016/3/24,6,11,阴~多云,北风,微风,50,1,优
2016/3/25,5,13,多云,北风,微风,56,2,良
2016/3/26,7,15,多云,西风,微风,71,2,良
2016/3/27,9,17,多云~晴,西风,微风,131,3,轻度污染
2016/3/28,11,19,晴,西南风,微风,124,3,轻度污染
2016/3/29,13,22,多云~阴,南风,微风,90,2,良
2016/3/30,13,19,小雨,西南风,微风,100,2,良
2016/3/31,11,16,小雨~多云,东风,微风,68,2,良
2016/4/1,13,22,晴~多云,东南风,微风,118,3,轻度污染
2016/4/2,14,20,雷阵雨~大雨,东南风,微风,77,2,良
2016/4/3,11,16,阵雨~阴,北风,3-4级,78,2,良
2016/4/4,11,18,多云,北风,微风,48,1,优
2016/4/5,13,17,小雨~中雨,东南风,微风,47,1,优
2016/4/6,13,20,中雨~大雨,东南风,3-4级,48,1,优
2016/4/7,13,18,小雨~多云,西北风,微风,83,2,良
2016/4/8,13,20,多云,东风,微风,68,2,良
2016/4/9,15,23,多云~阴,东南风,微风,61,2,良
2016/4/10,14,22,多云,东风,微风,89,2,良
2016/4/11,15,21,多云~小雨,东北风,微风,64,2,良
2016/4/12,15,19,小雨~阴,东南风,微风,66,2,良
2016/4/13,15,24,阴~多云,东北风,微风,112,3,轻度污染
2016/4/14,15,25,多云,东南风,微风,157,4,中度污染
2016/4/15,16,22,阴~中雨,东南风,3-4级,110,3,轻度污染
2016/4/16,15,22,中雨~小雨,南风,4-5级,48,1,优
2016/4/17,14,22,多云~小雨,西北风,微风,79,2,良
2016/4/18,13,21,多云,南风,微风,48,1,优
2016/4/19,15,21,多云~阴,东南风,3-4级,52,2,良
2016/4/20,16,21,大雨,东南风,3-4级,44,1,优
2016/4/21,16,24,小雨~多云,西北风,微风,79,2,良
2016/4/22,15,26,多云~中雨,东南风,微风,139,3,轻度污染
2016/4/23,14,17,中雨~小雨,东风,4-5级,61,2,良
2016/4/24,14,19,小雨~阴,东北风,微风,75,2,良
2016/4/25,16,19,小雨,东风,微风,72,2,良
2016/4/26,15,19,小雨~中雨,东风,微风,56,2,良
2016/4/27,14,17,小雨~阴,西北风,微风,72,2,良
2016/4/28,14,23,多云,西北风,微风,119,3,轻度污染
2016/4/29,16,26,晴,东南风,微风,163,4,中度污染
2016/4/30,18,27,晴,东南风,3-4级,117,3,轻度污染
2016/5/1,20,28,多云~阵雨,东南风,3-4级,74,2,良
2016/5/2,19,26,中雨~小雨,南风,3-4级,58,2,良
2016/5/3,17,26,晴,西北风,3-4级,68,2,良
2016/5/4,20,29,晴~阴,南风,微风,87,2,良
2016/5/5,20,26,中雨,东南风,微风,66,2,良
2016/5/6,18,27,多云,西北风,微风,99,2,良
2016/5/7,16,21,阵雨~中雨,东风,3-4级,179,4,中度污染
2016/5/8,16,18,大雨~阵雨,东风,微风,61,2,良
2016/5/9,17,20,小雨,北风,微风,68,2,良
2016/5/10,15,18,小雨~多云,西北风,微风,44,1,优
2016/5/11,16,25,晴,西风,微风,117,3,轻度污染
2016/5/12,19,28,晴,东南风,微风,93,2,良
2016/5/13,18,25,多云,东北风,微风,94,2,良
2016/5/14,18,25,多云,东南风,微风,55,2,良
2016/5/15,15,27,中雨,西北风,3-4级,47,1,优
2016/5/16,15,23,多云,北风,微风,65,2,良
2016/5/17,16,26,晴~多云,东南风,微风,54,2,良
2016/5/18,17,26,多云,东风,微风,68,2,良
2016/5/19,19,25,多云~阴,东风,微风,76,2,良
2016/5/20,19,24,小雨~中雨,东风,微风,45,1,优
2016/5/21,19,21,中雨~小雨,东北风,微风,33,1,优
2016/5/22,19,24,小雨~阴,西北风,微风,74,2,良
2016/5/23,20,26,阴~小雨,西北风,微风,104,3,轻度污染
2016/5/24,19,24,阵雨~多云,西北风,微风,110,3,轻度污染
2016/5/25,21,28,多云~小雨,东南风,微风,110,3,轻度污染
2016/5/26,20,26,中雨,北风,微风,132,3,轻度污染
2016/5/27,19,22,中雨~小雨,东北风,微风,56,2,良
2016/5/28,20,23,大雨~中雨,东北风,微风,46,1,优
2016/5/29,19,24,阵雨~阴,西北风,微风,68,2,良
2016/5/30,20,26,多云~阴,东风,微风,80,2,良
2016/5/31,20,26,阵雨~大雨,东南风,微风,94,2,良
2016/6/1,18,21,中雨~多云,东北风,4-5级,49,1,优
2016/6/2,20,26,多云~小雨,东风,1-2级,65,2,良
2016/6/3,19,22,中雨,东风,3-4级,36,1,优
2016/6/4,19,24,小雨~多云,西北风,3-4级,55,2,良
2016/6/5,19,26,晴,东北风,1-2级,50,1,优
2016/6/6,20,27,多云~阵雨,东南风,1-2级,57,2,良
2016/6/7,21,27,小雨,东南风,1-2级,62,2,良
2016/6/8,21,26,中雨~阴,东南风,1-2级,55,2,良
2016/6/9,21,26,阴~多云,东北风,1-2级,45,1,优
2016/6/10,23,27,多云~阴,东南风,1-2级,48,1,优
2016/6/11,23,27,阵雨,东南风,1-2级,75,2,良
2016/6/12,21,24,中雨~小雨,东北风,1-2级,43,1,优
2016/6/13,21,28,多云,东北风,1-2级,49,1,优
2016/6/14,23,31,晴~多云,东南风,1-2级,67,2,良
2016/6/15,22,32,雷阵雨~阵雨,西南风,1-2级,89,2,良
2016/6/16,21,26,阴~多云,西北风,1-2级,137,3,轻度污染
2016/6/17,24,31,晴~多云,南风,1-2级,97,2,良
2016/6/18,25,30,多云~雷阵雨,南风,1-2级,49,1,优
2016/6/19,25,31,阵雨,西南风,1-2级,48,1,优
2016/6/20,25,28,雷阵雨~阵雨,西南风,1-2级,29,1,优
2016/6/21,26,32,雷阵雨~多云,南风,1-2级,73,2,良
2016/6/22,26,31,中雨~阵雨,西南风,1-2级,58,2,良
2016/6/23,26,34,多云,西南风,1-2级,82,2,良
2016/6/24,23,33,雷阵雨~中雨,西风,1-2级,66,2,良
2016/6/25,20,24,中雨~多云,南风,1-2级,55,2,良
2016/6/26,21,25,多云~小雨,东南风,1-2级,62,2,良
2016/6/27,22,24,大雨~中雨,东南风,1-2级,47,1,优
2016/6/28,22,24,大雨,东风,1-2级,75,2,良
2016/6/29,23,27,中雨~阵雨,南风,1-2级,49,1,优
2016/6/30,26,34,雷阵雨~阵雨,南风,1-2级,55,2,良
2016/7/1,26,33,阵雨,西南风,3-4级,52,2,良
2016/7/2,26,30,雷阵雨~阵雨,南风,1-2级,36,1,优
2016/7/3,25,31,中雨~雷阵雨,南风,1-2级,68,2,良
2016/7/4,27,32,雷阵雨~多云,南风,1-2级,68,2,良
2016/7/5,27,35,雷阵雨~多云,南风,1-2级,43,1,优
2016/7/6,27,33,阵雨,东南风,1-2级,45,1,优
2016/7/7,26,32,阵雨,东南风,1-2级,31,1,优
2016/7/8,26,31,阵雨,东风,1-2级,26,1,优
2016/7/9,26,31,阵雨,东风,1-2级,26,1,优
2016/7/10,26,29,中雨,东风,3-4级,32,1,优
2016/7/11,26,29,中雨~阵雨,东南风,1-2级,39,1,优
2016/7/12,27,32,雷阵雨~阵雨,西南风,1-2级,80,2,良
2016/7/13,26,34,雷阵雨,西南风,1-2级,84,2,良
2016/7/14,27,32,中雨~阵雨,西南风,1-2级,79,2,良
2016/7/15,25,34,中雨~阵雨,南风,1-2级,81,2,良
2016/7/16,24,28,阵雨~阴,西北风,1-2级,80,2,良
2016/7/17,26,32,多云~阵雨,东南风,1-2级,112,3,轻度污染
2016/7/18,27,32,雷阵雨,东南风,1-2级,54,2,良
2016/7/19,28,34,雷阵雨~多云,东南风,1-2级,55,2,良
2016/7/20,29,36,晴~多云,南风,1-2级,69,2,良
2016/7/21,30,38,晴,西南风,1-2级,80,2,良
2016/7/22,30,39,晴,西南风,1-2级,86,2,良
2016/7/23,29,38,多云~晴,西南风,1-2级,78,2,良
2016/7/24,28,38,晴,东南风,1-2级,71,2,良
2016/7/25,28,36,晴,东南风,3-4级,45,1,优
2016/7/26,29,37,晴~多云,东南风,1-2级,72,2,良
2016/7/27,30,39,晴,西南风,1-2级,76,2,良
2016/7/28,29,39,晴,西南风,1-2级,94,2,良
2016/7/29,29,38,雷阵雨~多云,南风,1-2级,108,3,轻度污染
2016/7/30,28,37,晴~多云,东南风,1-2级,57,2,良
2016/7/31,28,35,多云,东南风,1-2级,30,1,优
2016/8/1,28,34,多云,东南风,1-2级,32,1,优
2016/8/2,28,34,雷阵雨~小雨,东南风,1-2级,36,1,优
2016/8/3,26,31,中雨~阴,西南风,1-2级,35,1,优
2016/8/4,26,32,雷阵雨~阵雨,北风,1-2级,48,1,优
2016/8/5,27,32,雷阵雨~多云,东北风,1-2级,36,1,优
2016/8/6,27,33,多云,东南风,1-2级,32,1,优
2016/8/7,27,34,多云~阵雨,东南风,1-2级,24,1,优
2016/8/8,27,33,阵雨,东风,1-2级,23,1,优
2016/8/9,28,33,阵雨,东风,1-2级,26,1,优
2016/8/10,28,34,阵雨~多云,东南风,1-2级,23,1,优
2016/8/11,28,35,多云,东风,1-2级,29,1,优
2016/8/12,28,34,多云,东南风,1-2级,27,1,优
2016/8/13,28,35,多云~晴,东风,1-2级,28,1,优
2016/8/14,28,36,多云~晴,东南风,1-2级,42,1,优
2016/8/15,27,35,晴~多云,东南风,1-2级,33,1,优
2016/8/16,28,35,多云,东南风,1-2级,34,1,优
2016/8/17,28,35,多云,东南风,1-2级,35,1,优
2016/8/18,28,35,多云~晴,东南风,1-2级,38,1,优
2016/8/19,29,36,晴,东南风,1-2级,42,1,优
2016/8/20,28,36,雷阵雨~多云,东南风,1-2级,53,2,良
2016/8/21,28,35,雷阵雨~多云,东风,1-2级,47,1,优
2016/8/22,28,35,多云,东北风,1-2级,40,1,优
2016/8/23,26,34,多云,东北风,1-2级,43,1,优
2016/8/24,27,34,晴,东北风,1-2级,45,1,优
2016/8/25,27,35,多云,北风,1-2级,42,1,优
2016/8/26,26,34,阵雨,东北风,1-2级,41,1,优
2016/8/27,24,31,多云,北风,3-4级,43,1,优
2016/8/28,22,30,多云,西北风,3-4级,56,2,良
2016/8/29,23,31,多云,西北风,3-4级,51,2,良
2016/8/30,23,32,晴~多云,西北风,1-2级,59,2,良
2016/8/31,25,34,晴~多云,西南风,1-2级,76,2,良
2016/9/1,26,34,多云,西南风,1-2级,93,2,良
2016/9/2,26,35,多云,西风,1-2级,102,3,轻度污染
2016/9/3,25,35,晴~多云,东北风,1-2级,100,2,良
2016/9/4,25,33,多云~阵雨,东北风,1-2级,59,2,良
2016/9/5,25,31,小雨~阴,东北风,1-2级,45,1,优
2016/9/6,24,29,阵雨~中雨,东北风,1-2级,60,2,良
2016/9/7,22,25,小雨~多云,东北风,1-2级,54,2,良
2016/9/8,24,30,多云,西北风,1-2级,90,2,良
2016/9/9,24,31,多云~阴,东北风,1-2级,99,2,良
2016/9/10,23,29,阴~小雨,东南风,1-2级,73,2,良
2016/9/11,22,26,小雨,东风,1-2级,73,2,良
2016/9/12,23,29,多云,东北风,1-2级,51,2,良
2016/9/13,23,29,多云~小雨,东北风,1-2级,53,2,良
2016/9/14,22,24,中雨~小雨,东北风,1-2级,36,1,优
2016/9/15,23,25,大雨,东风,1-2级,20,1,优
2016/9/16,24,27,大雨~中雨,东南风,3-4级,18,1,优
2016/9/17,23,29,阵雨~阴,西北风,1-2级,26,1,优
2016/9/18,23,27,阵雨,北风,4-5级,53,2,良
2016/9/19,21,27,小雨~多云,北风,3-4级,43,1,优
2016/9/20,21,26,多云,北风,3-4级,43,1,优
2016/9/21,20,26,多云,北风,1-2级,37,1,优
2016/9/22,21,27,多云,东北风,1-2级,34,1,优
2016/9/23,22,27,多云,东风,1-2级,43,1,优
2016/9/24,22,27,多云,东风,1-2级,51,2,良
2016/9/25,24,29,多云,东风,1-2级,56,2,良
2016/9/26,24,30,阵雨,东风,1-2级,43,1,优
2016/9/27,24,30,阵雨~中雨,东风,1-2级,35,1,优
2016/9/28,22,28,中雨,东北风,3-4级,26,1,优
2016/9/29,22,25,大雨~中雨,东北风,3-4级,27,1,优
2016/9/30,24,29,阵雨~多云,东南风,1-2级,52,2,良
2016/10/1,25,30,多云,东南风,1-2级,76,2,良
2016/10/2,23,30,多云~阵雨,东南风,1-2级,33,1,优
2016/10/3,23,27,阵雨~阴,西北风,1-2级,47,1,优
2016/10/4,22,27,阴~多云,北风,3-4级,32,1,优
2016/10/5,22,28,多云,西北风,1-2级,56,2,良
2016/10/6,22,26,小雨~阵雨,东北风,3-4级,46,1,优
2016/10/7,21,26,小雨~中雨,东风,1-2级,42,1,优
2016/10/8,18,23,小雨~阴,北风,4-5级,37,1,优
2016/10/9,18,21,多云,东北风,3-4级,39,1,优
2016/10/10,18,22,多云~阴,东北风,1-2级,34,1,优
2016/10/11,19,23,阴,东北风,1-2级,34,1,优
2016/10/12,19,22,阴,东北风,1-2级,44,1,优
2016/10/13,19,23,阴~小雨,东北风,1-2级,47,1,优
2016/10/14,20,22,小雨,东北风,1-2级,47,1,优
2016/10/15,20,24,小雨,东风,1-2级,39,1,优
2016/10/16,20,26,小雨~阴,北风,1-2级,71,2,良
2016/10/17,20,25,阴~多云,东北风,1-2级,55,2,良
2016/10/18,20,24,小雨,东北风,1-2级,35,1,优
2016/10/19,20,24,小雨,东风,1-2级,51,2,良
2016/10/20,21,23,阵雨,东风,1-2级,38,1,优
2016/10/21,20,23,中雨,东风,1-2级,25,1,优
2016/10/22,20,23,中雨~大雨,东北风,3-4级,19,1,优
2016/10/23,18,22,小雨~阴,北风,3-4级,40,1,优
2016/10/24,20,23,阴,东南风,1-2级,42,1,优
2016/10/25,20,23,阴~小雨,西北风,1-2级,49,1,优
2016/10/26,18,21,中雨~阵雨,东北风,3-4级,45,1,优
2016/10/27,19,22,中雨~小雨,东北风,3-4级,31,1,优
2016/10/28,16,20,小雨,北风,3-4级,40,1,优
2016/10/29,13,16,小雨~阴,北风,3-4级,38,1,优
2016/10/30,14,18,阴~小雨,东北风,1-2级,39,1,优
2016/10/31,13,17,小雨~阴,北风,1-2级,33,1,优
2016/11/1,10,15,多云~晴,北风,3-4级,32,1,优
2016/11/2,11,17,晴,北风,1-2级,46,1,优
2016/11/3,12,18,晴,东风,1-2级,84,2,良
2016/11/4,14,20,晴~多云,东南风,1-2级,96,2,良
2016/11/5,15,23,晴,南风,1-2级,91,2,良
2016/11/6,16,23,多云,东风,1-2级,98,2,良
2016/11/7,14,23,小雨~中雨,东北风,1-2级,53,2,良
2016/11/8,10,14,小雨~阴,北风,4-5级,35,1,优
2016/11/9,10,13,小雨~阴,东北风,1-2级,33,1,优
2016/11/10,9,15,多云~晴,西北风,1-2级,48,1,优
2016/11/11,14,19,晴~多云,南风,1-2级,74,2,良
2016/11/12,14,20,多云~阴,南风,1-2级,62,2,良
2016/11/13,16,20,小雨~多云,南风,1-2级,74,2,良
2016/11/14,14,19,小雨~阴,北风,1-2级,115,3,轻度污染
2016/11/15,12,17,多云,东北风,3-4级,106,3,轻度污染
2016/11/16,15,18,多云~阵雨,东风,1-2级,40,1,优
2016/11/17,16,17,小雨,东风,1-2级,33,1,优
2016/11/18,17,22,小雨,南风,1-2级,84,2,良
2016/11/19,17,23,阴~阵雨,北风,1-2级,141,3,轻度污染
2016/11/20,15,18,阵雨,东北风,1-2级,70,2,良
2016/11/21,13,20,小雨,东北风,1-2级,47,1,优
2016/11/22,7,14,小雨,北风,4-5级,24,1,优
2016/11/23,5,9,小雨~阴,北风,3-4级,29,1,优
2016/11/24,5,9,多云~阴,北风,3-4级,68,2,良
2016/11/25,8,12,小雨,东北风,1-2级,63,2,良
2016/11/26,6,11,小雨~阴,北风,3-4级,48,1,优
2016/11/27,7,12,多云~晴,西北风,1-2级,124,3,轻度污染
2016/11/28,9,13,多云,北风,1-2级,97,2,良
2016/11/29,10,13,阴~小雨,东北风,1-2级,44,1,优
2016/11/30,8,15,阴~多云,西北风,1-2级,71,2,良
2016/12/1,8,14,多云,北风,1-2级,133,3,轻度污染
2016/12/2,9,14,多云,东北风,1-2级,53,2,良
2016/12/3,10,15,多云~小雨,东风,1-2级,46,1,优
2016/12/4,9,16,多云,西南风,1-2级,98,2,良
2016/12/5,9,18,多云~阴,西南风,1-2级,162,4,中度污染
2016/12/6,6,13,多云~晴,东北风,1-2级,64,2,良
2016/12/7,7,14,晴~多云,南风,1-2级,125,3,轻度污染
2016/12/8,8,15,晴,南风,1-2级,165,4,中度污染
2016/12/9,9,14,晴~多云,北风,1-2级,135,3,轻度污染
2016/12/10,9,12,多云~阴,东北风,1-2级,33,1,优
2016/12/11,10,14,多云,东风,1-2级,32,1,优
2016/12/12,11,16,多云~小雨,西南风,1-2级,51,2,良
2016/12/13,7,14,小雨,北风,1-2级,54,2,良
2016/12/14,2,8,多云~晴,北风,3-4级,38,1,优
2016/12/15,3,7,晴,西北风,3-4级,79,2,良
2016/12/16,3,8,晴,北风,1-2级,176,4,中度污染
2016/12/17,5,12,晴~多云,东南风,1-2级,157,4,中度污染
2016/12/18,11,16,阴~多云,东南风,1-2级,56,2,良
2016/12/19,13,18,多云~小雨,东风,1-2级,94,2,良
2016/12/20,13,15,中雨~小雨,东风,1-2级,65,2,良
2016/12/21,8,18,中雨~小雨,东南风,1-2级,45,1,优
2016/12/22,6,10,阴~多云,西北风,3-4级,101,3,轻度污染
2016/12/23,5,10,多云,西北风,1-2级,185,4,中度污染
2016/12/24,9,11,多云~阴,东北风,1-2级,44,1,优
2016/12/25,11,13,小雨,东风,1-2级,30,1,优
2016/12/26,5,13,小雨,西北风,1-2级,35,1,优
2016/12/27,1,7,阴,西北风,4-5级,46,1,优
2016/12/28,3,7,多云~晴,北风,1-2级,52,2,良
2016/12/29,3,7,多云,北风,3-4级,82,2,良
2016/12/30,4,9,多云,东北风,1-2级,79,2,良
2016/12/31,6,13,晴,东风,1-2级,68,2,良
2017/1/1,10,16,晴~多云,东南风,1-2级,54,2,良
2017/1/2,8,15,多云,北风,1-2级,92,2,良
2017/1/3,9,14,晴~多云,东风,1-2级,131,3,轻度污染
2017/1/4,11,15,小雨~中雨,东风,1-2级,75,2,良
2017/1/5,11,12,中雨~小雨,东风,1-2级,44,1,优
2017/1/6,11,14,小雨~中雨,东风,1-2级,36,1,优
2017/1/7,9,13,小雨,东风,1-2级,29,1,优
2017/1/8,5,10,小雨~阴,西北风,3-4级,105,3,轻度污染
2017/1/9,4,8,多云,北风,1-2级,82,2,良
2017/1/10,6,9,多云~阴,北风,1-2级,109,3,轻度污染
2017/1/11,5,9,小雨,东北风,1-2级,50,1,优
2017/1/12,3,8,小雨~多云,西北风,1-2级,72,2,良
2017/1/13,2,11,晴,西北风,1-2级,127,3,轻度污染
2017/1/14,3,8,多云~阴,北风,1-2级,47,1,优
2017/1/15,2,7,多云,东北风,1-2级,27,1,优
2017/1/16,5,8,多云,东北风,1-2级,31,1,优
2017/1/17,7,10,阴~小雨,东风,1-2级,58,2,良
2017/1/18,7,9,小雨,东风,1-2级,50,1,优
2017/1/19,0,9,小雨~阴,北风,1-2级,102,3,轻度污染
2017/1/20,-1,3,晴~多云,西北风,3-4级,103,3,轻度污染
2017/1/21,0,6,晴~多云,西风,1-2级,48,1,优
2017/1/22,0,6,晴,西北风,1-2级,70,2,良
2017/1/23,1,7,晴,北风,1-2级,39,1,优
2017/1/24,3,9,多云,东北风,1-2级,40,1,优
2017/1/25,4,10,多云~晴,东风,1-2级,75,2,良
2017/1/26,5,13,晴~多云,南风,1-2级,77,2,良
2017/1/27,5,10,多云,东北风,3-4级,77,2,良
2017/1/28,8,15,多云,东南风,1-2级,63,2,良
2017/1/29,4,20,多云~小雨,西南风,1-2级,82,2,良
2017/1/30,2,6,多云,北风,3-4级,42,1,优
2017/1/31,3,7,多云~小雨,东北风,1-2级,26,1,优
2017/2/1,4,7,多云,北风,3-4级,40,1,优
2017/2/2,5,7,多云~小雨,东北风,1-2级,46,1,优
2017/2/3,8,10,小雨,东南风,1-2级,27,1,优
2017/2/4,6,11,小雨~阴,西北风,1-2级,68,2,良
2017/2/5,4,12,晴,西北风,1-2级,146,3,轻度污染
2017/2/6,3,10,晴~多云,东北风,3-4级,104,3,轻度污染
2017/2/7,5,9,阴~小雨,东北风,1-2级,29,1,优
2017/2/8,1,6,小雨~雨夹雪,北风,3-4级,27,1,优
2017/2/9,-1,5,多云~晴,西北风,3-4级,94,2,良
2017/2/10,-1,6,晴,西北风,3-4级,65,2,良
2017/2/11,1,8,晴,西北风,1-2级,58,2,良
2017/2/12,2,11,晴,西风,1-2级,89,2,良
2017/2/13,4,13,晴,南风,1-2级,84,2,良
2017/2/14,6,14,晴~多云,东南风,1-2级,90,2,良
2017/2/15,8,15,晴~阴,东南风,1-2级,93,2,良
2017/2/16,8,19,阵雨~多云,西南风,1-2级,59,2,良
2017/2/17,6,12,小雨,东北风,3-4级,81,2,良
2017/2/18,6,12,多云~晴,东风,1-2级,35,1,优
2017/2/19,7,19,多云~小雨,南风,3-4级,55,2,良
2017/2/20,5,14,小雨~阴,东北风,3-4级,79,2,良
2017/2/21,6,11,小雨,东南风,3-4级,45,1,优
2017/2/22,4,10,小雨~阴,西北风,3-4级,66,2,良
2017/2/23,2,7,阴~多云,西北风,3-4级,116,3,轻度污染
2017/2/24,2,9,多云,北风,1-2级,58,2,良
2017/2/25,4,12,多云,西南风,1-2级,102,3,轻度污染
2017/2/26,6,14,多云~晴,西南风,1-2级,153,4,中度污染
2017/2/27,7,14,晴,东北风,1-2级,78,2,良
2017/2/28,8,15,多云,东南风,1-2级,59,2,良
2017/3/1,4,15,小雨,西北风,3-4级,73,2,良
2017/3/2,2,9,晴,西北风,1-2级,67,2,良
2017/3/3,6,13,多云,东南风,1-2级,71,2,良
2017/3/4,10,18,多云~阵雨,东南风,1-2级,79,2,良
2017/3/5,7,13,小雨~阴,北风,1-2级,92,2,良
2017/3/6,4,12,多云,东北风,3-4级,53,2,良
2017/3/7,5,14,晴~多云,西风,1-2级,59,2,良
2017/3/8,6,13,晴,西北风,1-2级,61,2,良
2017/3/9,8,17,晴~多云,西南风,1-2级,100,2,良
2017/3/10,10,19,多云,南风,1-2级,93,2,良
2017/3/11,11,15,多云~阴,东南风,1-2级,72,2,良
2017/3/12,8,15,小雨~中雨,东风,1-2级,47,1,优
2017/3/13,7,11,中雨~阴,东北风,3-4级,46,1,优
2017/3/14,5,12,多云~晴,北风,1-2级,48,1,优
2017/3/15,7,14,多云~阴,东北风,1-2级,51,2,良
2017/3/16,7,12,阴~多云,东风,1-2级,40,1,优
2017/3/17,9,14,多云~小雨,东风,1-2级,52,2,良
2017/3/18,11,14,阴~小雨,东风,1-2级,46,1,优
2017/3/19,11,13,小雨~中雨,东风,1-2级,54,2,良
2017/3/20,9,13,小雨~阴,东风,1-2级,61,2,良
2017/3/21,8,15,多云~阴,北风,1-2级,86,2,良
2017/3/22,9,11,小雨,东风,1-2级,32,1,优
2017/3/23,8,12,阴~小雨,东北风,1-2级,33,1,优
2017/3/24,8,12,小雨~阴,东北风,1-2级,57,2,良
2017/3/25,8,16,多云,北风,1-2级,97,2,良
2017/3/26,8,17,多云~晴,西北风,3-4级,108,3,轻度污染
2017/3/27,12,20,晴,西南风,1-2级,88,2,良
2017/3/28,11,21,多云~阴,南风,3-4级,68,2,良
2017/3/29,10,18,多云,北风,1-2级,85,2,良
2017/3/30,9,14,小雨~中雨,东风,3-4级,61,2,良
2017/3/31,8,15,阴~晴,北风,3-4级,55,2,良
2017/4/1,8,16,多云,西北风,1-2级,89,2,良
2017/4/2,10,21,晴,西北风,1-2级,112,3,轻度污染
2017/4/3,13,22,晴~多云,东南风,1-2级,90,2,良
2017/4/4,15,19,多云~小雨,东南风,3-4级,68,2,良
2017/4/5,16,21,小雨,南风,1-2级,61,2,良
2017/4/6,15,22,中雨,东北风,1-2级,97,2,良
2017/4/7,13,18,阵雨~阴,北风,1-2级,63,2,良
2017/4/8,13,20,多云~阵雨,东风,1-2级,83,2,良
2017/4/9,11,13,阵雨~小雨,东北风,3-4级,50,1,优
2017/4/10,11,15,小雨,北风,1-2级,41,1,优
2017/4/11,11,14,小雨~多云,北风,1-2级,71,2,良
2017/4/12,10,17,多云~晴,东北风,1-2级,93,2,良
2017/4/13,12,21,晴,东南风,3-4级,64,2,良
2017/4/14,16,25,晴,南风,1-2级,65,2,良
2017/4/15,18,30,晴~多云,西南风,1-2级,70,2,良
2017/4/16,19,27,阵雨~中雨,东南风,1-2级,66,2,良
2017/4/17,16,25,阵雨~多云,西风,3-4级,74,2,良
2017/4/18,15,28,晴,西北风,3-4级,89,2,良
2017/4/19,17,25,多云~阵雨,东南风,3-4级,81,2,良
2017/4/20,15,24,小雨~阴,西北风,1-2级,70,2,良
2017/4/21,14,23,阴~多云,西北风,1-2级,73,2,良
2017/4/22,12,21,多云~晴,西北风,1-2级,57,2,良
2017/4/23,14,23,晴,东南风,1-2级,67,2,良
2017/4/24,16,25,晴~多云,东南风,1-2级,73,2,良
2017/4/25,16,25,阵雨~中雨,东南风,1-2级,64,2,良
2017/4/26,14,20,小雨~阴,东北风,3-4级,41,1,优
2017/4/27,14,22,多云~晴,北风,1-2级,46,1,优
2017/4/28,17,26,晴,西南风,1-2级,72,2,良
2017/4/29,18,28,晴,西南风,1-2级,89,2,良
2017/4/30,19,30,晴~多云,南风,1-2级,77,2,良
2017/5/1,18,29,多云~小雨,东南风,1-2级,54,2,良
2017/5/2,18,21,中雨~小雨,东风,3-4级,35,1,优
2017/5/3,18,22,阴~小雨,东南风,1-2级,36,1,优
2017/5/4,18,23,中雨~阴,东南风,3-4级,37,1,优
2017/5/5,17,23,小雨~多云,西北风,1-2级,65,2,良
2017/5/6,16,24,多云,东北风,1-2级,125,3,轻度污染
2017/5/7,18,26,多云~阵雨,东南风,1-2级,150,3,轻度污染
2017/5/8,18,20,中雨~阵雨,东南风,3-4级,75,2,良
2017/5/9,18,24,多云~晴,西风,3-4级,65,2,良
2017/5/10,20,30,晴~多云,南风,1-2级,97,2,良
2017/5/11,18,32,多云~中雨,南风,1-2级,87,2,良
2017/5/12,18,21,中雨~多云,东北风,3-4级,53,2,良
2017/5/13,19,31,晴,西南风,1-2级,77,2,良
2017/5/14,19,27,多云,东北风,1-2级,85,2,良
2017/5/15,18,24,阵雨~小雨,东风,1-2级,57,2,良
2017/5/16,17,22,阵雨~多云,东北风,1-2级,41,1,优
2017/5/17,17,28,晴,东南风,1-2级,51,2,良
2017/5/18,19,29,晴~多云,东南风,1-2级,53,2,良
2017/5/19,20,27,多云,东南风,3-4级,54,2,良
2017/5/20,20,27,多云,东南风,3-4级,44,1,优
2017/5/21,20,27,多云,东南风,3-4级,41,1,优
2017/5/22,21,28,多云,东南风,1-2级,36,1,优
2017/5/23,20,27,阵雨,东南风,1-2级,37,1,优
2017/5/24,18,24,小雨~多云,北风,3-4级,31,1,优
2017/5/25,19,29,多云~晴,北风,1-2级,56,2,良
2017/5/26,19,28,晴,东北风,1-2级,76,2,良
2017/5/27,21,30,晴,东南风,1-2级,57,2,良
2017/5/28,21,32,晴,东风,1-2级,67,2,良
2017/5/29,22,32,晴~多云,东南风,1-2级,45,1,优
2017/5/30,24,31,多云~阴,东南风,3-4级,45,1,优
2017/5/31,24,31,小雨~阴,西南风,1-2级,73,2,良
2017/6/1,22,32,阵雨~阴,东南风,1-2级,109,3,轻度污染
2017/6/2,19,29,多云~晴,东北风,1-2级,81,2,良
2017/6/3,20,29,晴~多云,东风,1-2级,41,1,优
2017/6/4,21,28,晴~多云,东风,1-2级,38,1,优
2017/6/5,21,24,中雨,东风,3-4级,37,1,优
2017/6/6,21,26,阵雨~多云,南风,1-2级,46,1,优
2017/6/7,21,30,多云,西北风,1-2级,80,2,良
2017/6/8,23,31,晴~多云,东南风,1-2级,123,3,轻度污染
2017/6/9,23,30,多云~中雨,南风,1-2级,101,3,轻度污染
2017/6/10,22,26,暴雨~小雨,东风,3-4级,45,1,优
2017/6/11,21,27,多云~阵雨,东北风,1-2级,34,1,优
2017/6/12,21,24,阵雨,东风,1-2级,34,1,优
2017/6/13,20,25,阵雨~阴,东风,1-2级,33,1,优
2017/6/14,20,26,多云,东北风,1-2级,39,1,优
2017/6/15,21,27,多云,东南风,1-2级,51,2,良
2017/6/16,20,28,多云,东南风,1-2级,57,2,良
2017/6/17,21,29,晴~多云,东风,1-2级,60,2,良
2017/6/18,22,28,多云~阴,东南风,3-4级,49,1,优
2017/6/19,23,27,阵雨,东南风,1-2级,33,1,优
2017/6/20,23,28,阵雨~阴,东风,1-2级,44,1,优
2017/6/21,23,28,阵雨~阴,东南风,1-2级,51,2,良
2017/6/22,22,27,阴,东风,1-2级,29,1,优
2017/6/23,23,27,阵雨~中雨,东风,1-2级,73,2,良
2017/6/24,23,27,中雨~阵雨,东南风,1-2级,48,1,优
2017/6/25,22,26,中雨~小雨,西南风,1-2级,68,2,良
2017/6/26,22,28,阵雨~阴,西风,1-2级,114,3,轻度污染
2017/6/27,23,29,雷阵雨~阴,南风,1-2级,128,3,轻度污染
2017/6/28,23,28,阵雨~大雨,东南风,1-2级,76,2,良
2017/6/29,24,28,中雨~阵雨,东南风,1-2级,49,1,优
2017/6/30,26,31,阵雨~多云,南风,1-2级,56,2,良
2017/7/1,26,34,雷阵雨~多云,南风,1-2级,68,2,良
2017/7/2,26,34,阵雨~阴,南风,3-4级,40,1,优
2017/7/3,26,33,中雨~阴,南风,1-2级,47,1,优
2017/7/4,25,34,雷阵雨~阵雨,西南风,1-2级,39,1,优
2017/7/5,26,34,小雨,南风,1-2级,55,2,良
2017/7/6,27,34,雷阵雨~多云,南风,1-2级,54,2,良
2017/7/7,28,34,雷阵雨~多云,西南风,1-2级,54,2,良
2017/7/8,28,35,中雨~小雨,南风,1-2级,54,2,良
2017/7/9,27,34,阵雨~阴,南风,1-2级,42,1,优
2017/7/10,25,33,小雨,西南风,3-4级,42,1,优
2017/7/11,28,33,阵雨~多云,南风,1-2级,51,2,良
2017/7/12,28,37,小雨~多云,南风,1-2级,71,2,良
2017/7/13,29,37,多云,南风,1-2级,79,2,良
2017/7/14,29,36,阴~多云,西南风,1-2级,79,2,良
2017/7/15,28,37,晴~多云,南风,3-4级,72,2,良
2017/7/16,29,37,多云~晴,南风,1-2级,56,2,良
2017/7/17,29,37,晴~多云,南风,1-2级,40,1,优
2017/7/18,29,37,晴~多云,西南风,1-2级,75,2,良
2017/7/19,29,37,多云,西南风,1-2级,80,2,良
2017/7/20,30,39,晴~多云,西南风,1-2级,78,2,良
2017/7/21,30,40,晴~多云,西南风,1-2级,89,2,良
2017/7/22,31,40,多云~晴,南风,1-2级,90,2,良
2017/7/23,30,40,晴~多云,南风,1-2级,85,2,良
2017/7/24,31,40,晴~多云,南风,1-2级,91,2,良
2017/7/25,30,40,晴~多云,北风,1-2级,90,2,良
2017/7/26,29,38,晴~多云,东风,1-2级,84,2,良
2017/7/27,29,37,晴~多云,东南风,1-2级,74,2,良
2017/7/28,29,36,晴~多云,东南风,1-2级,38,1,优
2017/7/29,29,36,阵雨~多云,东南风,1-2级,31,1,优
2017/7/30,28,32,大雨~小雨,东南风,3-4级,34,1,优
2017/7/31,29,34,雷阵雨,东南风,4-5级,39,1,优
2017/8/1,29,35,中雨~多云,东南风,4-5级,45,1,优
2017/8/2,29,35,多云,东南风,3-4级,41,1,优
2017/8/3,29,36,晴~多云,东南风,4-5级,58,2,良
2017/8/4,29,37,多云~雷阵雨,东南风,1-2级,68,2,良
2017/8/5,28,35,中雨~小雨,西北风,1-2级,81,2,良
2017/8/6,28,35,多云,西风,1-2级,122,3,轻度污染
2017/8/7,28,38,特大暴雨~多云,北风,1-2级,116,3,轻度污染
2017/8/8,28,35,小雨,西南风,3-4级,57,2,良
2017/8/9,26,28,中雨~大雨,西风,3-4级,30,1,优
2017/8/10,27,33,小雨~多云,西风,1-2级,71,2,良
2017/8/11,28,35,小雨~多云,南风,1-2级,104,3,轻度污染
2017/8/12,28,32,阴~小雨,东风,1-2级,67,2,良
2017/8/13,28,34,小雨,南风,1-2级,52,2,良
2017/8/14,26,32,小雨~中雨,西风,1-2级,36,1,优
2017/8/15,26,34,小雨,西风,1-2级,81,2,良
2017/8/16,26,32,大雨~中雨,西南风,1-2级,59,2,良
2017/8/17,27,33,小雨,东北风,1-2级,56,2,良
2017/8/18,26,33,小雨~多云,东南风,1-2级,55,2,良
2017/8/19,27,35,阴~多云,南风,3-4级,70,2,良
2017/8/20,26,33,中雨,西南风,1-2级,35,1,优
2017/8/21,27,33,小雨~多云,东风,1-2级,49,1,优
2017/8/22,27,34,小雨~阴,东南风,3-4级,28,1,优
2017/8/23,28,35,多云,东南风,3-4级,34,1,优
2017/8/24,28,36,小雨~多云,东南风,1-2级,47,1,优
2017/8/25,26,34,中雨,西风,1-2级,54,2,良
2017/8/26,26,30,小雨,东北风,3-4级,36,1,优
2017/8/27,28,33,小雨~多云,东南风,1-2级,34,1,优
2017/8/28,27,36,小雨~多云,南风,1-2级,49,1,优
2017/8/29,26,31,暴雨,东北风,1-2级,40,1,优
2017/8/30,25,28,小雨~多云,东北风,1-2级,35,1,优
2017/8/31,24,27,多云~阵雨,东北风,1-2级,39,1,优
2017/9/1,22,29,晴~多云,东北风,3-4级,43,1,优
2017/9/2,25,29,阴~多云,东风,1-2级,46,1,优
2017/9/3,26,29,小雨~多云,东风,1-2级,36,1,优
2017/9/4,26,30,阴~多云,东南风,3-4级,33,1,优
2017/9/5,27,34,小雨~阴,西南风,1-2级,54,2,良
2017/9/6,24,31,小雨~大雨,东北风,1-2级,80,2,良
2017/9/7,24,27,小雨~多云,北风,1-2级,44,1,优
2017/9/8,24,29,多云~阴,东北风,1-2级,31,1,优
2017/9/9,25,28,阵雨,东风,1-2级,35,1,优
2017/9/10,24,33,小雨,东南风,3-4级,47,1,优
2017/9/11,24,28,小雨,西北风,1-2级,41,1,优
2017/9/12,23,28,晴~多云,东北风,3-4级,43,1,优
2017/9/13,23,28,晴,东北风,1-2级,62,2,良
2017/9/14,23,27,阴~小雨,无持续风向,4-5级,44,1,优
2017/9/15,23,27,小雨~阴,北风,4-5级,39,1,优
2017/9/16,22,27,阴~多云,北风,5-6级,39,1,优
2017/9/17,20,29,多云,西风,1-2级,43,1,优
2017/9/18,23,29,晴~多云,东南风,1-2级,87,2,良
2017/9/19,22,30,多云~小雨,东南风,1-2级,103,3,轻度污染
2017/9/20,20,23,大雨~小雨,东风,1-2级,45,1,优
2017/9/21,20,24,小雨,东北风,1-2级,34,1,优
2017/9/22,21,25,小雨,东风,1-2级,46,1,优
2017/9/23,19,23,中雨~小雨,东风,1-2级,45,1,优
2017/9/24,20,23,小雨~大雨,东风,3-4级,27,1,优
2017/9/25,24,26,小雨,东南风,1-2级,27,1,优
2017/9/26,23,29,阴~小雨,西风,1-2级,69,2,良
2017/9/27,22,28,小雨,西北风,1-2级,79,2,良
2017/9/28,19,25,多云~晴,北风,1-2级,44,1,优
2017/9/29,20,25,多云~中雨,东风,1-2级,47,1,优
2017/9/30,21,24,小雨,东南风,3-4级,34,1,优
2017/10/1,23,31,小雨~大雨,南风,1-2级,45,1,优
2017/10/2,20,26,小雨,东北风,3-4级,45,1,优
2017/10/3,20,23,多云,东北风,3-4级,49,1,优
2017/10/4,18,22,阴~小雨,东北风,3-4级,35,1,优
2017/10/5,18,22,小雨,北风,1-2级,35,1,优
2017/10/6,17,22,阴~晴,西北风,1-2级,70,2,良
2017/10/7,20,25,多云,东风,1-2级,76,2,良
2017/10/8,21,28,晴,东风,3-4级,43,1,优
2017/10/9,22,29,多云,东南风,1-2级,41,1,优
2017/10/10,24,29,阴~小雨,东南风,1-2级,39,1,优
2017/10/11,21,23,小雨,北风,1-2级,27,1,优
2017/10/12,18,21,小雨~阴,东北风,1-2级,32,1,优
2017/10/13,18,21,多云~阴,东北风,3-4级,32,1,优
2017/10/14,18,20,小雨~中雨,东北风,3-4级,40,1,优
2017/10/15,18,20,大雨~暴雨,东北风,5-6级,31,1,优
2017/10/16,17,20,小雨,东北风,5-6级,28,1,优
2017/10/17,18,21,小雨~阴,东北风,3-4级,39,1,优
2017/10/18,17,21,小雨~多云,北风,3-4级,46,1,优
2017/10/19,17,21,小雨,北风,1-2级,43,1,优
2017/10/20,17,23,多云,北风,4-5级,37,1,优
2017/10/21,17,21,晴,北风,4-5级,48,1,优
2017/10/22,16,22,晴~多云,北风,4-5级,87,2,良
2017/10/23,15,20,多云,西北风,1-2级,61,2,良
2017/10/24,14,20,晴,北风,1-2级,50,1,优
2017/10/25,15,20,晴,东北风,1-2级,46,1,优
2017/10/26,15,21,多云,东北风,1-2级,47,1,优
2017/10/27,15,21,晴,东北风,1-2级,49,1,优
2017/10/28,16,22,晴~多云,北风,3-4级,55,2,良
2017/10/29,12,20,阴~晴,北风,4-5级,79,2,良
2017/10/30,12,15,多云,北风,1-2级,44,1,优
2017/10/31,13,18,多云,东北风,1-2级,43,1,优
2017/11/1,14,22,晴,东南风,1-2级,49,1,优
2017/11/2,14,22,多云,东风,1-2级,67,2,良
2017/11/3,11,21,多云,北风,4-5级,132,3,轻度污染
2017/11/4,11,15,多云,北风,3-4级,35,1,优
2017/11/5,13,17,多云,东风,1-2级,36,1,优
2017/11/6,16,21,多云~阴,东南风,1-2级,56,2,良
2017/11/7,15,21,小雨~多云,西风,1-2级,124,3,轻度污染
2017/11/8,13,22,多云~晴,东北风,4-5级,149,3,轻度污染
2017/11/9,14,21,晴~多云,东风,1-2级,48,1,优
2017/11/10,13,22,多云~阴,西北风,3-4级,70,2,良
2017/11/11,11,16,多云,北风,3-4级,49,1,优
2017/11/12,13,18,多云~阴,东北风,1-2级,51,2,良
2017/11/13,15,19,小雨,东风,1-2级,53,2,良
2017/11/14,13,18,小雨,东北风,4-5级,65,2,良
2017/11/15,13,18,多云,东北风,1-2级,60,2,良
2017/11/16,15,17,小雨,东风,1-2级,39,1,优
2017/11/17,12,20,小雨~多云,东北风,5-6级,26,1,优
2017/11/18,6,11,阴~多云,北风,5-6级,37,1,优
2017/11/19,9,11,晴~小雨,东北风,3-4级,44,1,优
2017/11/20,7,12,阴~多云,东北风,1-2级,32,1,优
2017/11/21,10,14,小雨,东北风,1-2级,68,2,良
2017/11/22,7,14,阴~多云,西北风,3-4级,91,2,良
2017/11/23,5,12,晴~多云,西北风,1-2级,74,2,良
2017/11/24,7,14,晴~多云,西风,1-2级,92,2,良
2017/11/25,9,16,多云,南风,1-2级,83,2,良
2017/11/26,8,17,晴,西北风,3-4级,90,2,良
2017/11/27,13,17,晴~多云,东风,1-2级,64,2,良
2017/11/28,12,18,小雨,西南风,3-4级,78,2,良
2017/11/29,9,14,小雨,东北风,3-4级,125,3,轻度污染
2017/11/30,8,12,阴,北风,3-4级,42,1,优
2017/12/1,7,12,多云,东北风,3-4级,63,2,良
2017/12/2,9,14,多云~阴,东风,1-2级,52,2,良
2017/12/3,9,15,小雨~多云,东北风,3-4级,63,2,良
2017/12/4,5,11,多云,西北风,3-4级,121,3,轻度污染
2017/12/5,2,7,晴,西北风,3-4级,54,2,良
2017/12/6,3,11,晴,南风,1-2级,75,2,良
2017/12/7,4,13,晴~多云,北风,1-2级,122,3,轻度污染
2017/12/8,3,8,晴~多云,北风,3-4级,60,2,良
2017/12/9,4,9,多云,西风,3-4级,69,2,良
2017/12/10,4,11,多云~晴,西北风,3-4级,100,2,良
2017/12/11,5,10,晴,北风,1-2级,102,3,轻度污染
2017/12/12,6,10,晴~多云,东北风,3-4级,45,1,优
2017/12/13,7,11,多云~阴,东北风,3-4级,37,1,优
2017/12/14,7,8,小雨~阴,东北风,1-2级,39,1,优
2017/12/15,6,9,小雨,东北风,1-2级,31,1,优
2017/12/16,1,8,多云~晴,西北风,4-5级,84,2,良
2017/12/17,-2,4,晴,西北风,3-4级,66,2,良
2017/12/18,2,8,晴,西风,1-2级,70,2,良
2017/12/19,3,10,晴,北风,4-5级,74,2,良
2017/12/20,3,10,晴,西风,1-2级,74,2,良
2017/12/21,4,9,晴,北风,1-2级,103,3,轻度污染
2017/12/22,8,14,晴,东南风,1-2级,94,2,良
2017/12/23,8,16,多云~阴,南风,1-2级,81,2,良
2017/12/24,5,12,晴,西北风,4-5级,168,4,中度污染
2017/12/25,3,9,晴~多云,西北风,3-4级,84,2,良
2017/12/26,5,11,晴,东北风,1-2级,63,2,良
2017/12/27,6,12,多云~阴,东风,1-2级,61,2,良
2017/12/28,10,12,小雨,东南风,1-2级,36,1,优
2017/12/29,9,13,阴,东风,3-4级,49,1,优
2017/12/30,9,12,小雨~多云,西北风,4-5级,87,2,良
2017/12/31,3,10,晴,西北风,1-2级,220,5,重度污染
