IP,PORT,匿名度,类型,位置,响应速度,最后验证时间
125.110.113.250,9000,高匿名,HTTP,中国 浙江省 温州市 电信,2秒,2019-09-20 00:31:01
117.90.5.181,9000,高匿名,HTTP,中国 江苏省 镇江市 电信,2秒,2019-09-19 23:31:01
221.206.100.133,54781,高匿名,HTTP,黑龙江省牡丹江市 联通,2秒,2019-09-19 22:31:01
222.189.190.30,9999,高匿名,HTTP,江苏省扬州市 电信,1秒,2019-09-19 21:31:01
171.11.179.35,9999,高匿名,HTTP,河南省济源市 电信,2秒,2019-09-19 20:31:01
121.13.252.61,41564,高匿名,HTTP,广东省东莞市 电信,2秒,2019-09-19 19:31:01
125.110.76.79,9000,高匿名,HTTP,中国 浙江省 温州市 电信,3秒,2019-09-19 18:31:01
117.90.137.133,9000,高匿名,HTTP,江苏省镇江市 电信,3秒,2019-09-19 17:31:01
219.146.127.6,8060,高匿名,HTTP,山东省潍坊市 电信,3秒,2019-09-19 16:31:01
180.118.247.22,9000,高匿名,HTTP,中国 江苏省 镇江市 电信,2秒,2019-09-19 15:31:01
202.109.157.61,9000,高匿名,HTTP,江西省赣州市 电信,1秒,2019-09-19 14:31:02
125.110.86.90,9000,高匿名,HTTP,中国 浙江省 温州市 电信,3秒,2019-09-19 13:31:01
163.204.244.134,9999,高匿名,HTTP,广东省汕尾市 联通,2秒,2019-09-19 12:31:01
180.118.128.37,9000,高匿名,HTTP,江苏省镇江市 电信,3秒,2019-09-19 11:31:01
36.250.156.69,9999,高匿名,HTTP,福建省宁德市 联通,2秒,2019-09-19 10:31:01
